id,dhatu,aupadeshik,artha,gana,karma,text,ref
01.0057,अर्द्,अर्दँ,गतौ याचने च,1,S,शरद्घनं नार्दति चातकोऽपि।,रघुवंशम् 5.17
01.0082,श्रेक्,श्रेकृँ,गतौ,1,S,,
01.0086,सेक्,सेकृँ,गतौ,1,S,,
01.0087,स्रेक्,स्रेकृँ,गतौ,1,S,,
01.0088,स्रङ्क्,स्रकिँ,गतौ,1,S,,
01.0089,श्रङ्क्,श्रकिँ,गतौ,1,S,,
01.0090,श्लङ्क्,श्लकिँ,गतौ,1,S,,
01.0099,कङ्क्,ककिँ,गतौ,1,S,,
01.0100,वङ्क्,वकिँ,गतौ,1,S,,
01.0101,श्वङ्क्,श्वकिँ,गतौ,1,S,,
01.0102,त्रङ्क्,त्रकिँ,गतौ,1,S,,
01.0103,ढौक्,ढौकृँ,गतौ,1,S,,
01.0104,त्रौक्,त्रौकृँ,गतौ,1,S,,
01.0105,ष्वष्क्,ष्वष्कँ,गतौ,1,S,,
01.0106,वस्क्,वस्कँ,गतौ,1,S,,
01.0107,मस्क्,मस्कँ,गतौ,1,S,,
01.0108,टिक्,टिकृँ,गतौ,1,S,,
01.0109,टीक्,टीकृँ,गतौ,1,S,,
01.0110,तिक्,तिकृँ,गतौ,1,S,,
01.0111,तीक्,तीकृँ,गतौ,1,S,,
01.0112,रङ्घ्,रघिँ,गतौ,1,S,,
01.0113,लङ्घ्,लघिँ,गतौ भोजननिवृत्तौ च,1,S,,
01.0114,ष्वक्क्,ष्वक्क,गतौ,1,S,,
01.0123,फक्क्,फक्कँ,नीचैर्गतौ,1,S,,
01.0127,शुक्,शुकँ,गतौ,1,S,,
01.0136,उख्,उखँ,गतौ,1,S,,
01.0137,उङ्ख्,उखिँ,गतौ,1,S,,
01.0138,वख्,वखँ,गतौ,1,S,,
01.0139,वङ्ख्,वखिँ,गतौ,1,S,,
01.0140,मख्,मखँ,गतौ,1,S,,
01.0141,मङ्ख्,मखिँ,गतौ,1,S,,
01.0142,नख्,णखँ,गतौ,1,S,,
01.0143,नङ्ख्,णखिँ,गतौ,1,S,,
01.0144,रख्,रखँ,गतौ,1,S,,
01.0145,रङ्ख्,रखिँ,गतौ,1,S,,
01.0146,लख्,लखँ,गतौ,1,S,,
01.0147,लङ्ख्,लखिँ,गतौ,1,S,,
01.0148,इख्,इखँ,गतौ,1,S,,
01.0149,इङ्ख्,इखिँ,गतौ,1,S,,
01.0151,ईङ्ख्,ईखिँ,गतौ,1,S,,
01.0152,वल्ग्,वल्गँ,गतौ,1,S,,
01.0153,रङ्ग्,रगिँ,गतौ,1,S,,
01.0154,लङ्ग्,लगिँ,गतौ,1,S,,
01.0155,अङ्ग्,अगिँ,गतौ,1,S,,
01.0156,वङ्ग्,वगिँ,गतौ,1,S,,
01.0157,मङ्ग्,मगिँ,गतौ,1,S,,
01.0158,तङ्ग्,तगिँ,गतौ,1,S,,
01.0159,त्वङ्ग्,त्वगिँ,गतौ,1,S,,
01.0161,श्रङ्ग्,श्रगिँ,गतौ,1,S,,
01.0162,श्लङ्ग्,श्लगिँ,गतौ,1,S,,
01.0163,इङ्ग्,इगिँ,गतौ,1,S,,
01.0164,रिङ्ग्,रिगिँ,गतौ,1,S,,
01.0165,लिङ्ग्,लिगिँ,गतौ,1,S,प्रियं इव कथयिष्यन्नालिलिङ्ग,किरातार्जुनीयम् 3.60
01.0165,लिङ्ग्,लिगिँ,गतौ,1,S,उत्थाप्य नम्रशिरसं भृशमालिलिङ्ग।,रघुवंशम् 13.73
01.0165,लिङ्ग्,लिगिँ,गतौ,1,S,वैशम्पायनेन प्रेम्णा गाढमालिलिङ्ग।,कादम्बरीसङ्ग्रहे पूर्वभागः 
01.0165,लिङ्ग्,लिगिँ,गतौ,1,S,कामाग्नौ सुदृढतरमालिङ्गति वधूम्,वैराग्यशतकम् 19
01.0165,लिङ्ग्,लिगिँ,गतौ,1,S,ईर्ष्ययेव नालिङ्गति जनम् ।,कादम्बरीसङ्ग्रहे पूर्वभागः 
01.0168,रिख्,रिखँ,गतौ,1,S,,
01.0169,घर्ब्,घर्बँ,गतौ,1,S,,
01.0170,नर्ब्,नर्बँ,गतौ,1,S,,
01.0171,भर्ब्,भर्बँ,गतौ,1,S,,
01.0172,त्रख्,त्रखँ,गतौ,1,S,,
01.0173,त्रिङ्ख्,त्रिखिँ,गतौ,1,S,,
01.0174,शिङ्ख्,शिखिँ,गतौ,1,S,,
01.0181,वर्ब्,वर्बँ,गतौ,1,S,,
01.0182,बभ्र्,बभ्रँ,गतौ,1,S,,
01.0190,श्वच्,श्वचँ,गतौ,1,S,,
01.0191,श्वञ्च्,श्वचिँ,गतौ,1,S,,
01.0216,वञ्च्,वन्चुँ,गतौ,1,S,,
01.0217,चञ्च्,चन्चुँ,गतौ,1,S,नयने चञ्चतश्च मुहुर्मुहुः,रुक्मिणीपरिणयः महाकाव्यम् 34
01.0218,तञ्च्,तन्चुँ,गतौ,1,S,,
01.0219,त्वञ्च्,त्वन्चुँ,गतौ,1,S,,
01.0220,म्रुञ्च्,म्रुन्चुँ,गतौ,1,S,,
01.0221,म्लुञ्च्,म्लुन्चुँ,गतौ,1,S,,
01.0222,म्रुच्,म्रुचुँ,गतौ,1,S,,
01.0223,म्लुच्,म्लुचुँ,गतौ,1,S,,
01.0228,ग्लुञ्च्,ग्लुन्चुँ,गतौ,1,S,,
01.0229,सज्ज्,षस्जँ,गतौ,1,S,गुणा गुणेषु वर्तन्त इति मत्वा न सज्जते,भगवद्गीता 3.28
01.0229,सज्ज्,षस्जँ,गतौ,1,S,न द्वेष्ट्यकुशलं कर्म कुशले नानुषज्जते,भगवद्गीता 18.10
01.0229,सज्ज्,षस्जँ,गतौ,1,S,यदा हि नेन्द्रियार्थेषु न कर्मस्वनुषज्जते,भगवद्गीता 6.4
01.0229,सज्ज्,षस्जँ,गतौ,1,S,नोपरि नाधस्तान्न तिर्यक्सज्जते गतिः,वाल्मीकिरामायणे सुन्दरकाण्डम् 68.19
01.0229,सज्ज्,षस्जँ,गतौ,1,S,प्रकृतेर्गुणसम्मूढाः सज्जन्ते गुणकर्मसु,भगवद्गीता 3.29
01.0229,सज्ज्,षस्जँ,गतौ,1,S,मूलघातिषु सज्जन्ते बुद्धिमन्तः,वाल्मीकिरामायणे सुन्दरकाण्डम् 51.18
01.0245,ध्रज्,ध्रजँ,गतौ,1,S,,
01.0246,ध्रञ्ज्,ध्रजिँ,गतौ,1,S,,
01.0247,अण्ट्,अटिँ,गतौ,1,S,,
01.0248,रेबृँ,रेबृँ,प्लवगतौ,1,A,,
01.0249,धृज्,धृजँ,गतौ,1,S,,
01.0250,धृञ्ज्,धृजिँ,गतौ,1,S,,
01.0251,ध्वज्,ध्वजँ,गतौ,1,S,,
01.0252,ध्वञ्ज्,ध्वजिँ,गतौ,1,S,,
01.0253,सल्,षलृँ,गतौ,1,S,,
01.0285,वज्,वजँ,गतौ,1,S,,
01.0286,व्रज्,व्रजँ,गतौ,1,S,इत्युक्तवन्तं व्रज साधयेति,किरातार्जुनीयम् 3.24
01.0286,व्रज्,व्रजँ,गतौ,1,S,किंचित्पश्चाद् व्रज लघुगतिर्भूय एवोत्तरेण,मेघदूतम् (पूर्वमेघः) 1.16
01.0286,व्रज्,व्रजँ,गतौ,1,S,सर्वधर्मान्परित्यज्य मामेकं शरणं व्रज,भगवद्गीता 18.66
01.0286,व्रज्,व्रजँ,गतौ,1,S,पदाम्भोजं शम्भोः भज परमसौख्यं व्रज,शिवानन्दलहरी 6
01.0286,व्रज्,व्रजँ,गतौ,1,S,चेतः सर्वभयापहं व्रज,शिवानन्दलहरी 60
01.0286,व्रज्,व्रजँ,गतौ,1,S,राजन् स्वतेजसा तस्य सशरीरो दिवं व्रज,वाल्मीकिरामायणे बालकाण्डम् 60.15
01.0286,व्रज्,व्रजँ,गतौ,1,S,व्रजाक्षतं कर्म समारभस्व,वाल्मीकिरामायणे सुन्दरकाण्डम् 48.12
01.0286,व्रज्,व्रजँ,गतौ,1,S,किमासीत व्रजेत किम्,भगवद्गीता 2.54
01.0286,व्रज्,व्रजँ,गतौ,1,S,घर्मान्तेऽस्मिन् विगणय कथं वासराणि व्रजेयुः,मेघदूतम् (उत्तरमेघ:) 2.45a
01.0286,व्रज्,व्रजँ,गतौ,1,S,व्रजन्ति गुणतामर्थाः,शिशुपालवधम् 2.91
01.0286,व्रज्,व्रजँ,गतौ,1,S,व्रजन्ति ते मूढधियः पराभवम्,किरातार्जुनीयम् 1.30
01.0286,व्रज्,व्रजँ,गतौ,1,S,व्रजन्ति शत्रूनवधूय निःस्पृहाः,किरातार्जुनीयम् 1.42
01.0286,व्रज्,व्रजँ,गतौ,1,S,व्रजन्ति कर्णक्षणचामरत्वम्।,रघुवंशम् 13.11
01.0286,व्रज्,व्रजँ,गतौ,1,S,प्रत्युद्व्रजन्तीव खमुत्पतन्त्यः।,रघुवंशम् 13.33
01.0286,व्रज्,व्रजँ,गतौ,1,S,व्रजन्ति विद्याधरसुन्दीणाम्,कुमारसम्भवम् 1.7
01.0286,व्रज्,व्रजँ,गतौ,1,S,सायं प्रत्युद्व्रजेदपि।,रघुवंशम् 1.90
01.0286,व्रज्,व्रजँ,गतौ,1,S,सहसोद्वेगमियं व्रजेदिति।,रघुवंशम् 8.7
01.0286,व्रज्,व्रजँ,गतौ,1,S,पुत्रपौत्रैश्च स्कन्दसालोक्यतां व्रजेत्,वाल्मीकिरामायणे बालकाण्डम् 37.32
01.0286,व्रज्,व्रजँ,गतौ,1,S,उत्पलपत्राक्षी रावणस्य वशं व्रजेत्,वाल्मीकिरामायणे सुन्दरकाण्डम् 13.17
01.0286,व्रज्,व्रजँ,गतौ,1,S,क्षिप्रं यथासौ विलयं व्रजेत्,वाल्मीकिरामायणे सुन्दरकाण्डम् 58.112
01.0286,व्रज्,व्रजँ,गतौ,1,S,आर्ये व्रजामोऽन्यत इत्यथैनाम्।,रघुवंशम् 6.82
01.0286,व्रज्,व्रजँ,गतौ,1,S,न चापि प्रध्वंसं व्रजति विविधैः,शृङ्गारशतकम् 57
01.0286,व्रज्,व्रजँ,गतौ,1,S,विरिञ्चिः पञचत्वं व्रजति हरिराप्नोति,सौन्दर्यलहरी 26
01.0286,व्रज्,व्रजँ,गतौ,1,S,सूक्ष्मं व्रजति सहसा तद्विपुलताम्।,अभिज्ञानशाकुन्तलम् 1.9
01.0286,व्रज्,व्रजँ,गतौ,1,S,त्वामीशं शरणं व्रजामि,शिवानन्दलहरी 29
01.0286,व्रज्,व्रजँ,गतौ,1,S,व्रजन्त्वग्रे सुविहिता नानारत्नसमन्विताः,वाल्मीकिरामायणे बालकाण्डम् 69.2
01.0286,व्रज्,व्रजँ,गतौ,1,S,ह्यहं यदि व्रजेयं प्लवगेश्वरालयम्,वाल्मीकिरामायणे सुन्दरकाण्डम् 41.7
01.0286,व्रज्,व्रजँ,गतौ,1,S,शालीनतामव्रजदीड्यमानः।,रघुवंशम् 18.17
01.0286,व्रज्,व्रजँ,गतौ,1,S,शिष्यः तां व्रजन्तीमनुवव्राज।,कादम्बरीसङ्ग्रहे पूर्वभागः 
01.0294,अण्ठ्,अठिँ,गतौ,1,S,,
01.0315,पण्ड्,पडिँ,गतौ,1,S,,
01.0332,अट्,अटँ,गतौ,1,S,अटन्ति वसुधां कृत्स्नां वयमन्ये च,वाल्मीकिरामायणे सुन्दरकाण्डम् 43.21
01.0333,पट्,पटँ,गतौ,1,S,,
01.0357,इट्,इटँ,गतौ,1,S,,
01.0358,किट्,किटँ,गतौ,1,A,,
01.0359,कट्,कटीँ,गतौ,1,S,,
01.0383,हौड्,हौडृँ,गतौ,1,S,,
01.0400,रुण्ठ्,रुठिँ,गतौ,1,S,,
01.0401,लुण्ठ्,लुठिँ,गतौ,1,S,,
01.0408,हुड्,हुडृँ,गतौ,1,S,,
01.0409,हूड्,हूडृँ,गतौ,1,S,,
01.0410,होड्,होडृँ,गतौ,1,S,,
01.0426,केप्,केपृँ,कम्पने गतौ च,1,A,,
01.0427,गेप्,गेपृँ,कम्पने गतौ च,1,S,,
01.0428,ग्लेप्,ग्लेपृँ,कम्पने गतौ च,1,S,,
01.0429,मेप्,मेपृँ,गतौ,1,S,,
01.0430,रेप्,रेपृँ,गतौ,1,S,,
01.0431,लेप्,लेपृँ,गतौ,1,S,,
01.0432,हेप्,हेपृँ,गतौ,1,S,,
01.0433,धेप्,धेपृँ,गतौ,1,S,,
01.0469,चुप्,चुपँ,मन्दायां गतौ,1,A,,
01.0478,पर्प्,पर्पँ,गतौ,1,S,,
01.0479,रफ्,रफँ,गतौ,1,S,,
01.0480,रम्फ्,रफिँ,गतौ,1,S,,
01.0481,अर्ब्,अर्बँ,गतौ,1,S,,
01.0482,पर्ब्,पर्बँ,गतौ,1,S,,
01.0483,लर्ब्,लर्बँ,गतौ,1,S,,
01.0484,बर्ब्,बर्बँ,गतौ,1,S,,
01.0485,मर्ब्,मर्बँ,गतौ,1,S,,
01.0486,कर्ब्,कर्बँ,गतौ,1,S,,
01.0487,खर्ब्,खर्बँ,गतौ,1,S,,
01.0488,गर्ब्,गर्बँ,गतौ,1,S,,
01.0489,शर्ब्,शर्बँ,गतौ,1,S,,
01.0490,सर्ब्,षर्बँ,गतौ,1,S,,
01.0491,चर्ब्,चर्बँ,गतौ अर्दने च,1,S,,
01.0536,अम्,अमँ,गतौ शब्दे सम्भक्तौ च,1,S,,
01.0537,द्रम्,द्रमँ,गतौ,1,S,,
01.0538,हम्म्,हन्मँ,गतौ,1,S,,
01.0539,मीम्,मीमृँ,गतौ शब्दे च,1,S,,
01.0546,अय्,अयँ,गतौ,1,S,,
01.0547,वय्,वयँ,गतौ,1,S,,
01.0548,पय्,पयँ,गतौ,1,S,,
01.0549,मय्,मयँ,गतौ,1,S,,
01.0550,चय्,चयँ,गतौ,1,S,,
01.0551,तय्,तयँ,गतौ,1,S,,
01.0552,नय्,णयँ,गतौ रक्षणे च,1,S,विनयन्ते स्म तद्योधाः।,रघुवंशम् 4.65
01.0552,नय्,णयँ,गतौ रक्षणे च,1,S,अचिराद्राघवो देवि त्वामितो नयिताऽनघे,वाल्मीकिरामायणे सुन्दरकाण्डम् 35.83
01.0554,रय्,रयँ,गतौ,1,S,,
01.0555,यय्,ययँ,गतौ,1,S,,
01.0584,रेव्,रेवृँ,प्लवगतौ,1,A,,
01.0589,हय्,हयँ,गतौ,1,S,,
01.0612,तिल्,तिलँ,गतौ,1,S,,
01.0613,तिल्ल्,तिल्लँ,गतौ,1,S,,
01.0621,पेल्,पेलृँ,गतौ,1,S,,
01.0622,फेल्,फेलृँ,गतौ,1,S,,
01.0623,शेल्,शेलृँ,गतौ,1,S,,
01.0624,सेल्,षेलृँ,गतौ,1,S,,
01.0628,सल्,षलँ,गतौ,1,S,,
01.0635,त्सर्,त्सरँ,छद्मगतौ,1,A,,
01.0637,अभ्र्,अभ्रँ,गतौ,1,S,,
01.0638,वभ्र्,वभ्रँ,गतौ,1,S,,
01.0639,मभ्र्,मभ्रँ,गतौ,1,S,,
01.0640,चर्,चरँ,गतौ भक्षणे च,1,S,क्रीडाशैले यदि च विचरेत्पादचारेण गौरी,मेघदूतम् (पूर्वमेघः) 1.63
01.0640,चर्,चरँ,गतौ भक्षणे च,1,S,वायुरप्यत्र नाज्ञातश्चरेदिति मतिर्मम,वाल्मीकिरामायणे सुन्दरकाण्डम् 2.44
01.0640,चर्,चरँ,गतौ भक्षणे च,1,S,किञ्चिदनिष्टमपि समाचरेत् ।,कादम्बरीसङ्ग्रहे पूर्वभागः 
01.0640,चर्,चरँ,गतौ भक्षणे च,1,S,यदिच्छन्तो ब्रह्मचर्यं चरन्ति,भगवद्गीता 8.11
01.0640,चर्,चरँ,गतौ भक्षणे च,1,S,नैशानि सर्वभूतानि प्रचरन्ति ततस्ततः,वाल्मीकिरामायणे बालकाण्डम् 34.18
01.0640,चर्,चरँ,गतौ भक्षणे च,1,S,चरन्ति वसुधां कृत्स्नां वयमन्ये च,वाल्मीकिरामायणे सुन्दरकाण्डम् 35.55
01.0640,चर्,चरँ,गतौ भक्षणे च,1,S,पतन्ति केचिद्विचरन्ति केचित्प्लवन्ति,वाल्मीकिरामायणे सुन्दरकाण्डम् 61.14
01.0640,चर्,चरँ,गतौ भक्षणे च,1,S,छायाश्चरन्ति बहुधा भयमादधानाः।,अभिज्ञानशाकुन्तलम् 3.25
01.0640,चर्,चरँ,गतौ भक्षणे च,1,S,यद्यदाचरति श्रेष्ठस्तत्तदेवेतरो जनः,भगवद्गीता 3.21
01.0640,चर्,चरँ,गतौ भक्षणे च,1,S,लोकस्तथाप्यहितमाचरतीति चित्रम्,वैराग्यशतकम् 38
01.0640,चर्,चरँ,गतौ भक्षणे च,1,S,अयमाचरत्यविनयम्।,अभिज्ञानशाकुन्तलम् 1.22
01.0640,चर्,चरँ,गतौ भक्षणे च,1,S,तदर्थं कर्म कौन्तेय मुक्तसंगः समाचर,भगवद्गीता 3.9
01.0640,चर्,चरँ,गतौ भक्षणे च,1,S,इष्टान्देशाञ्जलद विचर प्रावृषा संभृतश्रीः,मेघदूतम् (उत्तरमेघ:) 2.55
01.0640,चर्,चरँ,गतौ भक्षणे च,1,S,समाचराचारं उपात्तशस्त्रो,किरातार्जुनीयम् 3.28
01.0640,चर्,चरँ,गतौ भक्षणे च,1,S,मा संचर मनःपान्थ,शृङ्गारशतकम् 54
01.0640,चर्,चरँ,गतौ भक्षणे च,1,S,चेतस्तुरङ्गमधिरुह्य चर स्मरारे,शिवानन्दलहरी 75
01.0640,चर्,चरँ,गतौ भक्षणे च,1,S,तस्य त्वं मुहूर्तं विघ्नमाचर,वाल्मीकिरामायणे सुन्दरकाण्डम् 1.146
01.0640,चर्,चरँ,गतौ भक्षणे च,1,S,साधु धर्ममवेक्षस्व साधु साधुव्रतं चर,वाल्मीकिरामायणे सुन्दरकाण्डम् 21.7
01.0640,चर्,चरँ,गतौ भक्षणे च,1,S,सह राक्षसराजेन चर त्वं मदिरेक्षणे,वाल्मीकिरामायणे सुन्दरकाण्डम् 24.36
01.0640,चर्,चरँ,गतौ भक्षणे च,1,S,चचार सानुजः शान्तः।,रघुवंशम् 12.20
01.0640,चर्,चरँ,गतौ भक्षणे च,1,S,अधिज्यधन्वा विचचार दावम्।,रघुवंशम् 2.8
01.0640,चर्,चरँ,गतौ भक्षणे च,1,S,उच्चचार निनदोऽम्भसि तस्याः।,रघुवंशम् 9.73
01.0640,चर्,चरँ,गतौ भक्षणे च,1,S,छायासु तन्वी विचचार काचित्,शृङ्गारशतकम् 21
01.0640,चर्,चरँ,गतौ भक्षणे च,1,S,विचचार ह पश्यंस्तत्सर्वतो विपुलम्,वाल्मीकिरामायणे बालकाण्डम् 2.8
01.0640,चर्,चरँ,गतौ भक्षणे च,1,S,अश्मवर्षं विमुञ्चन्ती भैरवं विचचार ह,वाल्मीकिरामायणे बालकाण्डम् 26.20
01.0640,चर्,चरँ,गतौ भक्षणे च,1,S,शक्रस्सर्वेषु कालेषु दितिं परिचचार ह,वाल्मीकिरामायणे बालकाण्डम् 46.11
01.0640,चर्,चरँ,गतौ भक्षणे च,1,S,दितिं यत्र तपस्सिद्धामेवं परिचचार सः,वाल्मीकिरामायणे बालकाण्डम् 47.10
01.0640,चर्,चरँ,गतौ भक्षणे च,1,S,कृतकामो महीं सर्वां चचार तपसि स्थितः,वाल्मीकिरामायणे बालकाण्डम् 65.27
01.0640,चर्,चरँ,गतौ भक्षणे च,1,S,धीरः सलिलकल्पेषु विचचार यथासुखम्,वाल्मीकिरामायणे सुन्दरकाण्डम् 1.3
01.0640,चर्,चरँ,गतौ भक्षणे च,1,S,विचचार पुनर्लङ्कां लाघवेन समन्वितः,वाल्मीकिरामायणे सुन्दरकाण्डम् 6.1
01.0640,चर्,चरँ,गतौ भक्षणे च,1,S,चचार हनुमांस्तत्र रावणस्य समीपतः,वाल्मीकिरामायणे सुन्दरकाण्डम् 6.15
01.0640,चर्,चरँ,गतौ भक्षणे च,1,S,असंत्रस्तः प्रासादांश्च चचार सः,वाल्मीकिरामायणे सुन्दरकाण्डम् 6.16
01.0640,चर्,चरँ,गतौ भक्षणे च,1,S,अन्येयमिति निश्चित्य पानभूमौ चचार सः,वाल्मीकिरामायणे सुन्दरकाण्डम् 11.4
01.0640,चर्,चरँ,गतौ भक्षणे च,1,S,क्वचिदन्नावशेषाणि पश्यन्वै विचचार ह,वाल्मीकिरामायणे सुन्दरकाण्डम् 11.26
01.0640,चर्,चरँ,गतौ भक्षणे च,1,S,सर्वमप्यवकाशं स विचचार महाकपिः,वाल्मीकिरामायणे सुन्दरकाण्डम् 12.16
01.0640,चर्,चरँ,गतौ भक्षणे च,1,S,आरूढ श्शैलसङ्काशं चचार सहलक्ष्मणः,वाल्मीकिरामायणे सुन्दरकाण्डम् 27.13
01.0640,चर्,चरँ,गतौ भक्षणे च,1,S,लोककाम इमं लोकं सर्वं वै विचचार ह,वाल्मीकिरामायणे सुन्दरकाण्डम् 38.33
01.0640,चर्,चरँ,गतौ भक्षणे च,1,S,विचचाराम्बरे वीरः परिगृह्य च मारुतिः,वाल्मीकिरामायणे सुन्दरकाण्डम् 42.4
01.0640,चर्,चरँ,गतौ भक्षणे च,1,S,विमोक्षयंश्चचार वीरः पथि वायुसेविते,वाल्मीकिरामायणे सुन्दरकाण्डम् 47.23
01.0640,चर्,चरँ,गतौ भक्षणे च,1,S,प्रवृद्धश्चचार मार्गे पितुरप्रमेयः,वाल्मीकिरामायणे सुन्दरकाण्डम् 48.27
01.0640,चर्,चरँ,गतौ भक्षणे च,1,S,भवनाग्रेषु लङ्काया विचचार महाकपिः,वाल्मीकिरामायणे सुन्दरकाण्डम् 54.6
01.0640,चर्,चरँ,गतौ भक्षणे च,1,S,ह्यसन्त्रस्तः प्रासादांश्च चचार सः,वाल्मीकिरामायणे सुन्दरकाण्डम् 54.7
01.0640,चर्,चरँ,गतौ भक्षणे च,1,S,उच्चचार पुरस्तस्य।,रघुवंशम् 15.46
01.0640,चर्,चरँ,गतौ भक्षणे च,1,S,वने तपः क्षान्ततरश्चचार।,रघुवंशम् 18.9
01.0640,चर्,चरँ,गतौ भक्षणे च,1,S,पृथिवीं विचचार।,कादम्बरीसङ्ग्रहे पूर्वभागः 
01.0640,चर्,चरँ,गतौ भक्षणे च,1,S,कामेन तपश्चचार,कुमारसम्भवम् 1.56
01.0640,चर्,चरँ,गतौ भक्षणे च,1,S,स्थितायां स्थितिमाचरेः।,रघुवंशम् 1.89
01.0640,चर्,चरँ,गतौ भक्षणे च,1,S,कपयश्चेरुरार्तस्य।,रघुवंशम् 12.59
01.0640,चर्,चरँ,गतौ भक्षणे च,1,S,इवांभोदा विचेरुर्नैऋताम्बुदाः,वाल्मीकिरामायणे सुन्दरकाण्डम् 45.7
01.0640,चर्,चरँ,गतौ भक्षणे च,1,S,पृथिवीं चेरुर्बाधमानाः समन्ततः,वाल्मीकिरामायणे सुन्दरकाण्डम् 58.14
01.0640,चर्,चरँ,गतौ भक्षणे च,1,S,गुणोदारान्दारानुत परिचरामः सविनयम्,वैराग्यशतकम् 76
01.0640,चर्,चरँ,गतौ भक्षणे च,1,S,तावद्रामायणकथा लोकेषु प्रचरिष्यति,वाल्मीकिरामायणे बालकाण्डम् 2.36
01.0640,चर्,चरँ,गतौ भक्षणे च,1,S,यावद्रामायणकथा त्वत्कृता प्रचरिष्यति,वाल्मीकिरामायणे बालकाण्डम् 2.37
01.0640,चर्,चरँ,गतौ भक्षणे च,1,S,एकस्त्वं विजने घोरे वने चरसि शंस नः,वाल्मीकिरामायणे बालकाण्डम् 10.12
01.0640,चर्,चरँ,गतौ भक्षणे च,1,S,अन्तश्चरसि भूतानां सर्वेषां त्वम्,वाल्मीकिरामायणे बालकाण्डम् 32.19
01.0640,चर्,चरँ,गतौ भक्षणे च,1,S,तपश्चरिष्यामि गर्भं मे दातुमर्हसि,वाल्मीकिरामायणे बालकाण्डम् 46.3
01.0640,चर्,चरँ,गतौ भक्षणे च,1,S,वातस्कन्धाः इमे सप्त चरन्तु दिवि,वाल्मीकिरामायणे बालकाण्डम् 47.4
01.0640,चर्,चरँ,गतौ भक्षणे च,1,S,विरूपाश्च लोकाननुचरन्त्विमान्,वाल्मीकिरामायणे बालकाण्डम् 59.19
01.0640,चर्,चरँ,गतौ भक्षणे च,1,S,ब्रह्मलोकं चरत्वेक इन्द्रलोकं तथा,वाल्मीकिरामायणे बालकाण्डम् 47.4
01.0640,चर्,चरँ,गतौ भक्षणे च,1,S,विचरिष्यन्ति भद्रं ते देवभूतास्तव,वाल्मीकिरामायणे बालकाण्डम् 47.8
01.0640,चर्,चरँ,गतौ भक्षणे च,1,S,उपवासमथो शस्त्रं प्रचरिष्यन्ति,वाल्मीकिरामायणे सुन्दरकाण्डम् 13.37
01.0640,चर्,चरँ,गतौ भक्षणे च,1,S,तास्त्वां परिचरिष्यन्ति श्रियमप्सरसः,वाल्मीकिरामायणे सुन्दरकाण्डम् 20.33
01.0640,चर्,चरँ,गतौ भक्षणे च,1,S,सुखं तपश्चरिष्याम: परं तद्धि तपोवनम्,वाल्मीकिरामायणे बालकाण्डम् 61.3
01.0640,चर्,चरँ,गतौ भक्षणे च,1,S,सपत्नीनां प्रियमेवाऽचरंस्तदा,वाल्मीकिरामायणे सुन्दरकाण्डम् 9.59
01.0640,चर्,चरँ,गतौ भक्षणे च,1,S,उपाचरत्कृत्रिमसंविधाभिः।,रघुवंशम् 14.17
01.0640,चर्,चरँ,गतौ भक्षणे च,1,S,दिव्यस्तूर्यध्वनिरुदचरत्।,रघुवंशम् 16.87
01.0640,चर्,चरँ,गतौ भक्षणे च,1,S,सोऽहं कथं नाम तवाचरेयम्।,रघुवंशम् 16.82
01.0640,चर्,चरँ,गतौ भक्षणे च,1,S,दत्तदृष्टिः सुचिरं व्यचरम् ।,कादम्बरीसङ्ग्रहे पूर्वभागः 
01.0679,रिन्व्,रिविँ,गतौ,1,S,,
01.0680,रन्व्,रविँ,गतौ,1,S,,
01.0681,धन्व्,धविँ,गतौ,1,S,,
01.0682,कृन्व्,कृविँ,गतौ हिंसाकरणयोश्च,1,S,,
01.0703,जेष्,जेषृँ,गतौ,1,S,,
01.0704,नेष्,णेषृँ,गतौ,1,S,,
01.0705,एष्,एषृँ,गतौ,1,S,दर्भेषु धर्मेणान्वेषते गतिम्,वाल्मीकिरामायणे बालकाण्डम् 3.2
01.0706,प्रेष्,प्रेषृँ,गतौ,1,S,,
01.0722,अंह्,अहिँ,गतौ,1,S,,
01.0729,प्लिह्,प्लिहँ,गतौ,1,S,,
01.0731,जेह्,जेहृँ,प्रयत्ने गतौ च,1,A,,
01.0748,त्रक्ष्,त्रक्षँ,गतौ,1,S,,
01.0749,स्त्रक्ष्,ष्ट्रक्षँ,गतौ,1,S,,
01.0750,तृक्ष्,तृक्षँ,गतौ,1,S,,
01.0751,स्तृक्ष्,ष्टृक्षँ,गतौ,1,S,,
01.0752,नक्ष्,णक्षँ,गतौ,1,S,,
01.0759,सल्,षलृँ,गतौ,1,S,,
01.0816,पिस्,पिसृँ,गतौ,1,S,,
01.0817,पेस्,पेसृँ,गतौ,1,S,,
01.0818,विस्,विसृँ,गतौ,1,S,,
01.0819,वेस्,वेसृँ,गतौ,1,S,,
01.0820,पिश्,पिशृँ,गतौ,1,S,,
01.0821,पेश्,पेशृँ,गतौ,1,S,,
01.0824,मिश्,मिशँ,शब्दे रोषकृते गतौ च,1,A,,
01.0825,मश्,मशँ,शब्दे रोषकृते गतौ च,1,A,,
01.0826,शव्,शवँ,गतौ,1,S,,
01.0827,शश्,शशँ,प्लुतगतौ,1,A,,
01.0833,रंह्,रहिँ,गतौ,1,S,,
01.0858,ध्वंस्,ध्वन्सुँ,अवस्रंसने गतौ च,1,A,,
01.0875,कृप्,कृपँ,कृपायां गतौ च,1,S, ब्रह्मभूयाय कल्पते,भगवद्गीता 18.53
01.0875,कृप्,कृपँ,कृपायां गतौ च,1,S,स गुणान्समतीत्यैतान् ब्रह्मभूयाय कल्पते,भगवद्गीता 14.26
01.0875,कृप्,कृपँ,कृपायां गतौ च,1,S,अतिकृतं भद्रे व्यसनायोपकल्पते,वाल्मीकिरामायणे सुन्दरकाण्डम् 24.22
01.0875,कृप्,कृपँ,कृपायां गतौ च,1,S,न साम रक्षस्सु गुणाय कल्पते,वाल्मीकिरामायणे सुन्दरकाण्डम् 41.3
01.0876,क्रप्,क्रपँ,कृपायां गतौ च,1,S,,
01.0890,नट्,णटँ,नृत्तौ गतौ च,1,A,,
01.0901,अक्,अकँ,कुटिलायां गतौ,1,A,,
01.0902,अग्,अगँ,कुटिलायां गतौ,1,A,,
01.0903,कण्,कणँ,गतौ शब्दे च,1,A,,
01.0904,रण्,रणँ,गतौ शब्दे च,1,S,,
01.0905,चण्,चणँ,दाने गतौ च,1,S,,
01.0906,शण्,शणँ,दाने गतौ च,1,S,,
01.0907,श्रण्,श्रणँ,दाने गतौ च,1,S,,
01.0973,पल्,पलँ,गतौ,1,S,,
01.0977,शल्,शलँ,गतौ,1,S,,
01.0978,हुल्,हुलँ,गतौ हिंसायां संवरणे च,1,S,,
01.0979,पत्,पतॢँ,गतौ,1,A,पतन्ति पितरो ह्येषां लुप्तपिण्डोदकक्रियाः,भगवद्गीता 1.42
01.0979,पत्,पतॢँ,गतौ,1,A,प्रसक्ताः कामभोगेषु पतन्ति नरकेऽशुचौ,भगवद्गीता 16.16
01.0979,पत्,पतॢँ,गतौ,1,A,धूमोद्गारानुकृतिनिपुणा जर्जरा निष्पतन्ति,मेघदूतम् (उत्तरमेघ:) 2.8
01.0979,पत्,पतॢँ,गतौ,1,A,मुक्तास्थूलास्तरुकिसलयेष्वश्रुलेशाः पतन्ति,मेघदूतम् (उत्तरमेघ:) 2.46
01.0979,पत्,पतॢँ,गतौ,1,A,सूक्ष्मा एव पतन्ति चातकमुखे,नीतिशतकम् 90
01.0979,पत्,पतॢँ,गतौ,1,A,त्वय्येव निपतन्त्योघाः।,रघुवंशम् 10.26
01.0979,पत्,पतॢँ,गतौ,1,A,धृतिमुषो दृष्टिबाणाः पतन्ति,शृङ्गारशतकम् 74
01.0979,पत्,पतॢँ,गतौ,1,A,यत्र पतन्ति तत्र विवृतद्वारा इव,वैराग्यशतकम् 33
01.0979,पत्,पतॢँ,गतौ,1,A,पतन्ति केचिद्विचरन्ति केचित्प्लवन्ति,वाल्मीकिरामायणे सुन्दरकाण्डम् 61.14
01.0979,पत्,पतॢँ,गतौ,1,A,क्षितौ नगाग्रान्निपतन्ति केचित्,वाल्मीकिरामायणे सुन्दरकाण्डम् 61.16
01.0979,पत्,पतॢँ,गतौ,1,A,पतन्ति चक्षूंषि न दारुणाः शराः।,अभिज्ञानशाकुन्तलम् 6.29
01.0979,पत्,पतॢँ,गतौ,1,A,स्थानादस्मात् सरसनिचुलादुत्पतोदङ्मुखः खं,मेघदूतम् (पूर्वमेघः) 1.14
01.0979,पत्,पतॢँ,गतौ,1,A,गुरुशापहतो मूढ पत भूमिमवाक्छिराः,वाल्मीकिरामायणे बालकाण्डम् 60.18
01.0979,पत्,पतॢँ,गतौ,1,A,पतत्यधो धाम विसारि सर्वतः,शिशुपालवधम् 1.2
01.0979,पत्,पतॢँ,गतौ,1,A,सिंहः शिशुरपि निपतति,नीतिशतकम् 30
01.0979,पत्,पतॢँ,गतौ,1,A,कन्दुकपातेनोत्पतत्यार्य: पतन्नपि,नीतिशतकम् 83
01.0979,पत्,पतॢँ,गतौ,1,A,पतति पृषतानां च निचये,शृङ्गारशतकम् 94
01.0979,पत्,पतॢँ,गतौ,1,A,श्रीमान्निपतति युगान्ताग्निवलितः,वैराग्यशतकम् 72
01.0979,पत्,पतॢँ,गतौ,1,A,मोघः पतति वीर्येण बलदर्पविनाशनः,वाल्मीकिरामायणे बालकाण्डम् 76.8
01.0979,पत्,पतॢँ,गतौ,1,A,समुत्पतति तस्मिंस्तु वेगात्ते,वाल्मीकिरामायणे सुन्दरकाण्डम् 1.45
01.0979,पत्,पतॢँ,गतौ,1,A,सकानना निष्पततीव भूमिः।,रघुवंशम् 13.18
01.0979,पत्,पतॢँ,गतौ,1,A,पतति परिणतारुणप्रकाशः।,अभिज्ञानशाकुन्तलम् 1.29
01.0979,पत्,पतॢँ,गतौ,1,A,नोत्पतति वा गगनतलम्।,कादम्बरीसङ्ग्रहे पूर्वभागः 
01.0979,पत्,पतॢँ,गतौ,1,A,पुष्पवर्षं पपात।,रघुवंशम् 12.102
01.0979,पत्,पतॢँ,गतौ,1,A,पपात भूमौ सह सैनिकाश्रुभिः।,रघुवंशम् 3.61
01.0979,पत्,पतॢँ,गतौ,1,A,पपात विद्याधरहस्तमुक्ता।,रघुवंशम् 2.60
01.0979,पत्,पतॢँ,गतौ,1,A,तं पातयां प्रथममास पपात पश्चात्।,रघुवंशम् 9.61
01.0979,पत्,पतॢँ,गतौ,1,A,उत्पपात रणयन् वीणां देवर्षिसत्तमः,रुक्मिणीपरिणयः महाकाव्यम् 46
01.0979,पत्,पतॢँ,गतौ,1,A,मम हस्तादियं वीणा स्वयं भुवि पपात च,रुक्मिणीपरिणयः महाकाव्यम् 81
01.0979,पत्,पतॢँ,गतौ,1,A,शरेणोरसि विव्याथ सा पपात ममार च,वाल्मीकिरामायणे बालकाण्डम् 26.26
01.0979,पत्,पतॢँ,गतौ,1,A,मुहुरूर्ध्वमुखं गत्वा पपात वसुधातलम्,वाल्मीकिरामायणे बालकाण्डम् 43.25
01.0979,पत्,पतॢँ,गतौ,1,A,उत्पपाताग्निसङ्काशं हालाहलमहाविषम्,वाल्मीकिरामायणे बालकाण्डम् 45.20
01.0979,पत्,पतॢँ,गतौ,1,A,निष्पपात ततश्शक्रो मातुर्वचनगौरवात्,वाल्मीकिरामायणे बालकाण्डम् 46.21
01.0979,पत्,पतॢँ,गतौ,1,A,पपाताङ्के मुनेराशु वाक्यं चेदमुवाच ह,वाल्मीकिरामायणे बालकाण्डम् 62.4
01.0979,पत्,पतॢँ,गतौ,1,A,उत्पपाताथ वेगेन वेगवानविचारयन्,वाल्मीकिरामायणे सुन्दरकाण्डम् 1.44
01.0979,पत्,पतॢँ,गतौ,1,A,उत्पपात जलात्तूर्णं महाद्रुमलतायुतः,वाल्मीकिरामायणे सुन्दरकाण्डम् 1.102
01.0979,पत्,पतॢँ,गतौ,1,A,संक्षिप्य मुहुरात्मानं निष्पपात,वाल्मीकिरामायणे सुन्दरकाण्डम् 1.192
01.0979,पत्,पतॢँ,गतौ,1,A,उत्पपाताथ वेगेन मनः सम्पातविक्रमः,वाल्मीकिरामायणे सुन्दरकाण्डम् 1.194
01.0979,पत्,पतॢँ,गतौ,1,A,हृतहृत्सा हनुमतापपात विधुराम्भसि,वाल्मीकिरामायणे सुन्दरकाण्डम् 1.196
01.0979,पत्,पतॢँ,गतौ,1,A,पपात सहसा भूमौ विकृताननदर्शना,वाल्मीकिरामायणे सुन्दरकाण्डम् 3.42
01.0979,पत्,पतॢँ,गतौ,1,A,स्तम्भानरोहन्निपपात भूमौ निदर्शयन्,वाल्मीकिरामायणे सुन्दरकाण्डम् 10.54
01.0979,पत्,पतॢँ,गतौ,1,A,पपात निहतो भूमौ चूर्णिताङ्गविभूषणः,वाल्मीकिरामायणे सुन्दरकाण्डम् 44.18
01.0979,पत्,पतॢँ,गतौ,1,A,उत्पपात नदन् व्योम्नि दिशो दश,वाल्मीकिरामायणे सुन्दरकाण्डम् 46.22
01.0979,पत्,पतॢँ,गतौ,1,A,निपपात महावेगो विद्युद्राशिर्गिराविव,वाल्मीकिरामायणे सुन्दरकाण्डम् 46.26
01.0979,पत्,पतॢँ,गतौ,1,A,निपपात पुनर्भूमौ सुपर्णसमविक्रमः,वाल्मीकिरामायणे सुन्दरकाण्डम् 46.3
01.0979,पत्,पतॢँ,गतौ,1,A,समुत्पपाताथ सदस्युदीरितः,वाल्मीकिरामायणे सुन्दरकाण्डम् 47.2
01.0979,पत्,पतॢँ,गतौ,1,A,समुत्पपाताशु नभस्स मारुतिः,वाल्मीकिरामायणे सुन्दरकाण्डम् 47.21
01.0979,पत्,पतॢँ,गतौ,1,A,पपात भूमौ हतवाजिरम्बरात्,वाल्मीकिरामायणे सुन्दरकाण्डम् 47.32
01.0979,पत्,पतॢँ,गतौ,1,A,कार्मुकस्य निशम्य घोषं पुनरुत्पपात,वाल्मीकिरामायणे सुन्दरकाण्डम् 48.29
01.0979,पत्,पतॢँ,गतौ,1,A,प्रसार्य हस्तौ हनुमानुत्पपात,वाल्मीकिरामायणे सुन्दरकाण्डम् 48.31
01.0979,पत्,पतॢँ,गतौ,1,A,अभवन्निर्विचेष्टश्च पपात स महीतले,वाल्मीकिरामायणे सुन्दरकाण्डम् 48.38
01.0979,पत्,पतॢँ,गतौ,1,A,कल्लोलास्फालवेलान्तमुत्पपात नभो हरिः,वाल्मीकिरामायणे सुन्दरकाण्डम् 36.34
01.0979,पत्,पतॢँ,गतौ,1,A,निपपात महेन्द्रस्य शिखरे पादपाकुले,वाल्मीकिरामायणे सुन्दरकाण्डम् 57.3
01.0979,पत्,पतॢँ,गतौ,1,A,छिन्नपक्ष इवाऽकाशात्पपात धरणीधरः,वाल्मीकिरामायणे सुन्दरकाण्डम् 57.31
01.0979,पत्,पतॢँ,गतौ,1,A,सा विसृष्टभुजा भीमा पपात लवणाम्भसि,वाल्मीकिरामायणे सुन्दरकाण्डम् 58.43
01.0979,पत्,पतॢँ,गतौ,1,A,समप्रतिष्ठां जगतीमाकाशान्निपपात ह,वाल्मीकिरामायणे सुन्दरकाण्डम् 62.38
01.0979,पत्,पतॢँ,गतौ,1,A,वानरैः सहितः शूरैर्दिवमेवोत्पपात ह,वाल्मीकिरामायणे सुन्दरकाण्डम् 64.2
01.0979,पत्,पतॢँ,गतौ,1,A,दिशः पपात पत्त्रेण।,रघुवंशम् 15.48
01.0979,पत्,पतॢँ,गतौ,1,A,शिरीषपुष्पं सहसा पपात।,रघुवंशम् 16.48
01.0979,पत्,पतॢँ,गतौ,1,A,रविमण्डलमुन्मुक्तपादं पपात ।,कादम्बरीसङ्ग्रहे पूर्वभागः 
01.0979,पत्,पतॢँ,गतौ,1,A,रक्षांसि पेतुर्वानरकोटिषु।,रघुवंशम् 12.82
01.0979,पत्,पतॢँ,गतौ,1,A,कटेषु करिणां पेतुः।,रघुवंशम् 4.57
01.0979,पत्,पतॢँ,गतौ,1,A,विहाय सर्वान्नृपतीन्निपेतुः।,रघुवंशम् 6.7
01.0979,पत्,पतॢँ,गतौ,1,A,निपेतुरन्तःकरणैर्नरेन्द्राः।,रघुवंशम् 6.11
01.0979,पत्,पतॢँ,गतौ,1,A,हृतान्यपि ---- चिरेण पेतुः।,रघुवंशम् 7.46
01.0979,पत्,पतॢँ,गतौ,1,A,उत्पेतुर्मनुजश्रेष्ठ तस्मादप्सरसः,वाल्मीकिरामायणे बालकाण्डम् 45.32
01.0979,पत्,पतॢँ,गतौ,1,A,मरीच्य इव निष्पेतुरग्नेर्धूमाकुलार्चिषः,वाल्मीकिरामायणे बालकाण्डम् 56.18
01.0979,पत्,पतॢँ,गतौ,1,A,निपेतुश्च नरा स्सर्वे तेन शब्देन,वाल्मीकिरामायणे बालकाण्डम् 67.19
01.0979,पत्,पतॢँ,गतौ,1,A,विद्याधरास्तस्मादुत्पेतुः स्त्री,वाल्मीकिरामायणे सुन्दरकाण्डम् 1.22
01.0979,पत्,पतॢँ,गतौ,1,A,विटपान् सर्वान् समुत्पेतुः समन्ततः,वाल्मीकिरामायणे सुन्दरकाण्डम् 1.45
01.0979,पत्,पतॢँ,गतौ,1,A,अभिपेतुर्महावेगाः पतङ्गा इव पावकम्,वाल्मीकिरामायणे सुन्दरकाण्डम् 42.27
01.0979,पत्,पतॢँ,गतौ,1,A,पेतुर्विहङ्गा गगनादुच्चैश्चेदमघोषयत्,वाल्मीकिरामायणे सुन्दरकाण्डम् 42.32
01.0979,पत्,पतॢँ,गतौ,1,A,प्रहरणैर्भीमैरभिपेतुस्ततस्ततः,वाल्मीकिरामायणे सुन्दरकाण्डम् 42.38
01.0979,पत्,पतॢँ,गतौ,1,A,पेतुर्विहङ्गमास्तत्र चैत्यपालाश्च,वाल्मीकिरामायणे सुन्दरकाण्डम् 43.7
01.0979,पत्,पतॢँ,गतौ,1,A,अभिपेतुर्हनूमन्तं तोरणस्थमवस्थितम्,वाल्मीकिरामायणे सुन्दरकाण्डम् 45.6
01.0979,पत्,पतॢँ,गतौ,1,A,विस्वरं नागा निपेतुर्भुवि वाजिनः,वाल्मीकिरामायणे सुन्दरकाण्डम् 45.15
01.0979,पत्,पतॢँ,गतौ,1,A,समुत्पेतुर्महावेगा हुताशसमतेजसः,वाल्मीकिरामायणे सुन्दरकाण्डम् 46.16
01.0979,पत्,पतॢँ,गतौ,1,A,तैः प्रहरणैर्भीमैरभिपेतुस्ततस्ततः,वाल्मीकिरामायणे सुन्दरकाण्डम् 46.2
01.0979,पत्,पतॢँ,गतौ,1,A,सञ्जातरोषौ दुर्धर्षावुत्पेतुररिन्दमौ,वाल्मीकिरामायणे सुन्दरकाण्डम् 46.28
01.0979,पत्,पतॢँ,गतौ,1,A,क्रन्दन्त्यस्सहसा पेतुः स्तनन्धयधराः,वाल्मीकिरामायणे सुन्दरकाण्डम् 54.25
01.0979,पत्,पतॢँ,गतौ,1,A,निपेतुर्भूतले रुग्णाश्शक्रायुधहता इव,वाल्मीकिरामायणे सुन्दरकाण्डम् 56.28
01.0979,पत्,पतॢँ,गतौ,1,A,विद्याधर्यः समुत्पेतुस्सहसा धरणीधरात्,वाल्मीकिरामायणे सुन्दरकाण्डम् 56.3
01.0979,पत्,पतॢँ,गतौ,1,A,हरयो हृष्टाः समुत्पेतुस्ततस्ततः,वाल्मीकिरामायणे सुन्दरकाण्डम् 57.25
01.0979,पत्,पतॢँ,गतौ,1,A,गच्छाम इत्युक्त्वा खमुत्पेतुर्महाबलाः,वाल्मीकिरामायणे सुन्दरकाण्डम् 64.21
01.0979,पत्,पतॢँ,गतौ,1,A,उत्पतन्तमनूत्पेतु स्सर्वे ते,वाल्मीकिरामायणे सुन्दरकाण्डम् 64.22
01.0979,पत्,पतॢँ,गतौ,1,A,निपेतुर्हरिराजस्य समीपे राघवस्य च,वाल्मीकिरामायणे सुन्दरकाण्डम् 64.37
01.0979,पत्,पतॢँ,गतौ,1,A,वयसां पङ्क्तयः पेतुः।,रघुवंशम् 15.25
01.0979,पत्,पतॢँ,गतौ,1,A,शीलं शैलतटात्पतत्वभिजनः,नीतिशतकम् 31
01.0979,पत्,पतॢँ,गतौ,1,A,अजानन्दाहात्म्यं पततु शलभस्तीव्रदहने,वैराग्यशतकम् 18
01.0979,पत्,पतॢँ,गतौ,1,A,यन्ता गजस्याभ्यपतद्गजस्थम्।,रघुवंशम् 7.37
01.0979,पत्,पतॢँ,गतौ,1,A,उरसि चिक्षेप सविद्ध: प्रापतद्भुवि,वाल्मीकिरामायणे बालकाण्डम् 30.21
01.0979,पत्,पतॢँ,गतौ,1,A,आकाशादपतद्राम शिवे शिवशिरस्युत,वाल्मीकिरामायणे बालकाण्डम् 43.5
01.0979,पत्,पतॢँ,गतौ,1,A,उक्तो महेन्द्रेण त्रिशङ्कुरपतत्पुनः,वाल्मीकिरामायणे बालकाण्डम् 60.18
01.0979,पत्,पतॢँ,गतौ,1,A,लघुत्वेनोपपन्नं तद्विचित्रं सागरेऽपतत्,वाल्मीकिरामायणे सुन्दरकाण्डम् 1.53
01.0979,पत्,पतॢँ,गतौ,1,A,न्यपतद्भूमौ दुर्धरस्त्यक्तजीवितः,वाल्मीकिरामायणे सुन्दरकाण्डम् 46.27
01.0979,पत्,पतॢँ,गतौ,1,A,धन्विनौ चरणयोर्निपेततुः।,रघुवंशम् 11.4
01.0979,पत्,पतॢँ,गतौ,1,A,पेततुर्वृषणै भूमौ सहस्राक्षस्य,वाल्मीकिरामायणे बालकाण्डम् 48.29
01.0979,पत्,पतॢँ,गतौ,1,A,प्रापतन् भुवि सम्भ्रान्तास्सलज्जा,वाल्मीकिरामायणे बालकाण्डम् 32.24
01.0979,पत्,पतॢँ,गतौ,1,A,नेत्राभ्यां प्रापतन्नस्रबिन्दवः,वाल्मीकिरामायणे सुन्दरकाण्डम् 42.23
01.0979,पत्,पतॢँ,गतौ,1,A,तस्यापतन्मूर्ध्नि जलानि जिष्णोः।,रघुवंशम् 14.8
01.0979,पत्,पतॢँ,गतौ,1,A,मयि विश्रान्तः सुखेनातिपतिष्यति,वाल्मीकिरामायणे सुन्दरकाण्डम् 1.91
01.0979,पत्,पतॢँ,गतौ,1,A,लङ्कामभिपतिष्यामि राघवस्यार्थसिद्धये,वाल्मीकिरामायणे सुन्दरकाण्डम् 2.46
01.0979,पत्,पतॢँ,गतौ,1,A,शैलाग्रेभ्यः पतिष्यन्ति समेषु,वाल्मीकिरामायणे सुन्दरकाण्डम् 13.36
01.0979,पत्,पतॢँ,गतौ,1,A,इषवो निपतिष्यन्ति रामलक्ष्मणलक्षणाः,वाल्मीकिरामायणे सुन्दरकाण्डम् 21.26
01.0979,पत्,पतॢँ,गतौ,1,A,आपतेयुर्विमर्देऽस्मिन्वेगेन,वाल्मीकिरामायणे सुन्दरकाण्डम् 30.28
01.0979,पत्,पतॢँ,गतौ,1,A,प्रपतेयं हि ते पृष्ठाद्भयाद्वेगेव गच्छतः,वाल्मीकिरामायणे सुन्दरकाण्डम् 37.44
01.0979,पत्,पतॢँ,गतौ,1,A,प्रपतेयं हि ते पृष्ठाद्भयार्ता,वाल्मीकिरामायणे सुन्दरकाण्डम् 37.5
01.0979,पत्,पतॢँ,गतौ,1,A,अथवा युध्यमानस्य पतेयं विमुखस्य ते,वाल्मीकिरामायणे सुन्दरकाण्डम् 37.52
01.0979,पत्,पतॢँ,गतौ,1,A,किमग्नौ निपताम्यद्य आहोस्विद्बडबामुखे,वाल्मीकिरामायणे सुन्दरकाण्डम् 55.13
01.0979,पत्,पतॢँ,गतौ,1,A,तस्या हृदयमादाय प्रपतामि नभ:स्थलम्,वाल्मीकिरामायणे सुन्दरकाण्डम् 58.42
01.0982,पथ्,पथेँ,गतौ,1,S,,
01.0996,कस्,कसँ,गतौ,1,S,वदनं वीक्ष्य विकसत्पद्मसन्निभम्,रुक्मिणीपरिणयः महाकाव्यम् 15
01.0998,अञ्च्,अन्चुँ,गतौ याचने च,1,S,,
01.0999,अच्,अचुँ,गतौ याचने च,1,S,,
01.1000,अञ्च्,अचिँ,गतौ याचने च,1,S,,
01.1024,व्यय्,व्ययँ,वित्तत्यागे गतौ च,1,S,,
01.1027,भ्रेष्,भ्रेषृँ,गतौ,1,S,,
01.1028,भ्लेष्,भ्लेषृँ,गतौ,1,A,,
01.1085,सृ,सृ,गतौ,1,S,पूर्वोद्दिष्टामुपसर पुरीं श्रीविशालां विशालाम्,मेघदूतम् (पूर्वमेघः) 1.31
01.1085,सृ,सृ,गतौ,1,S,तेनोदीचीं दिशमनुसरेस्तिर्यगायामशोभी,मेघदूतम् (पूर्वमेघः) 1.60
01.1085,सृ,सृ,गतौ,1,S,प्रसरति मधौ धात्र्यां जातो,शृङ्गारशतकम् 81
01.1085,सृ,सृ,गतौ,1,S,भिन्नोऽष्टधा विप्रससार वंशः।,रघुवंशम् 16.3
01.1085,सृ,सृ,गतौ,1,S,अतिदूरमम्बरतलमपससार।,कादम्बरीसङ्ग्रहे पूर्वभागः 
01.1085,सृ,सृ,गतौ,1,S,धावन्त्यमी मृगजवाक्षमयेव रथ्याः।,अभिज्ञानशाकुन्तलम् 1.8
01.1085,सृ,सृ,गतौ,1,S,धावति पश्चादसंस्तुतं चेतः।,अभिज्ञानशाकुन्तलम् 1.31
01.1090,स्रु,स्रु,गतौ,1,S,सप्तधैव प्रसुस्रुवुः।,रघुवंशम् 4.23
01.1090,स्रु,स्रु,गतौ,1,S,बाष्पामृतञ्च सुस्राव भैष्म्या,रुक्मिणीपरिणयः महाकाव्यम् 39
01.1090,स्रु,स्रु,गतौ,1,S,तस्मात्सुस्राव सरसस्सायोध्यामुपगूहते,वाल्मीकिरामायणे बालकाण्डम् 24.9
01.1090,स्रु,स्रु,गतौ,1,S,सलिलं सम्प्रसुस्राव मदं मत्त इव द्विपः,वाल्मीकिरामायणे सुन्दरकाण्डम् 1.14
01.1090,स्रु,स्रु,गतौ,1,S,आयुः परिस्रवति भिन्नघटादिवाम्भो,वैराग्यशतकम् 38
01.1090,स्रु,स्रु,गतौ,1,S,तव नेत्राभ्यां वारि स्रवति शोकजम्,वाल्मीकिरामायणे सुन्दरकाण्डम् 33.4
01.1090,स्रु,स्रु,गतौ,1,S,धेनु स्स्रवति स्नेहाद्वत्सस्य वत्सला,वाल्मीकिरामायणे सुन्दरकाण्डम् 66.3
01.1094,दु,दु,गतौ,1,S,,
01.1095,द्रु,द्रु,गतौ,1,S,समुद्रमेवाभिमुखाः द्रवन्ति,भगवद्गीता 11.28
01.1095,द्रु,द्रु,गतौ,1,S,रक्षांसि भीतानि दिशो द्रवन्ति,भगवद्गीता 11.36
01.1095,द्रु,द्रु,गतौ,1,S,विद्रवन्ति भयाद्भीता नानादिग्भ्यः,वाल्मीकिरामायणे बालकाण्डम् 55.23
01.1095,द्रु,द्रु,गतौ,1,S,त्रासाद्राज्ञो वेश्म प्रदुद्रुवुः,वाल्मीकिरामायणे बालकाण्डम् 18.39
01.1095,द्रु,द्रु,गतौ,1,S,भीमरूपास्ताः सीतां समभिदुद्रुवुः,वाल्मीकिरामायणे सुन्दरकाण्डम् 23.2
01.1095,द्रु,द्रु,गतौ,1,S,श्रुत्वा चाभ्यद्रवद्वेगाद्यतश्शब्दः,वाल्मीकिरामायणे बालकाण्डम् 26.8
01.1095,द्रु,द्रु,गतौ,1,S,तमुपाद्रवदुद्यम्य।,रघुवंशम् 15.23
01.1095,द्रु,द्रु,गतौ,1,S,अभिदुद्राव काकुत्स्थं लक्ष्मणं च,वाल्मीकिरामायणे बालकाण्डम् 26.25
01.1098,जृ,जृ,गतौ,1,S,,
01.1101,गा,गाङ्,गतौ,1,S,,
01.1108,च्यु,च्युङ्,गतौ,1,S,,
01.1109,ज्यु,ज्युङ्,गतौ,1,S,,
01.1110,छ्यु,छ्युङ्,गतौ,1,S,,
01.1111,प्रु,प्रुङ्,गतौ,1,S,,
01.1112,प्लु,प्लुङ्,गतौ,1,S,शतयोजनविस्तीर्णं पुप्लुवे लवणार्णवम्,वाल्मीकिरामायणे बालकाण्डम् 1.72
01.1112,प्लु,प्लुङ्,गतौ,1,S,अभिघ्नंस्तु महावेगः पुप्लुवे सः,वाल्मीकिरामायणे सुन्दरकाण्डम् 1.69
01.1112,प्लु,प्लुङ्,गतौ,1,S,महाबाहुः प्राकारमभिपुप्लुवे,वाल्मीकिरामायणे सुन्दरकाण्डम् 4.2
01.1112,प्लु,प्लुङ्,गतौ,1,S,ततोऽन्यत्पुप्लुवे वेश्म,वाल्मीकिरामायणे सुन्दरकाण्डम् 6.17
01.1112,प्लु,प्लुङ्,गतौ,1,S,विभीषणस्य च तदा पुप्लुवे स महाकपिः,वाल्मीकिरामायणे सुन्दरकाण्डम् 6.18
01.1112,प्लु,प्लुङ्,गतौ,1,S,वज्रदंष्ट्रस्य च तथा पुप्लुवे सः,वाल्मीकिरामायणे सुन्दरकाण्डम् 6.2
01.1112,प्लु,प्लुङ्,गतौ,1,S,वज्रकायस्य च तथा पुप्लुवे स महाकपिः,वाल्मीकिरामायणे सुन्दरकाण्डम् 6.22
01.1112,प्लु,प्लुङ्,गतौ,1,S,ज्यामुक्त इव नाराचः पुप्लुवे,वाल्मीकिरामायणे सुन्दरकाण्डम् 14.4
01.1112,प्लु,प्लुङ्,गतौ,1,S,ततोऽन्यत्पुप्लुवे वेश्म महापार्श्वस्य,वाल्मीकिरामायणे सुन्दरकाण्डम् 54.9
01.1112,प्लु,प्लुङ्,गतौ,1,S,वज्रदंष्ट्रस्य च तदा पुप्लुवे सः,वाल्मीकिरामायणे सुन्दरकाण्डम् 54.1
01.1112,प्लु,प्लुङ्,गतौ,1,S,अपारमपरिश्रान्तः पुप्लुवे गगनार्णवम्,वाल्मीकिरामायणे सुन्दरकाण्डम् 57.4
01.1112,प्लु,प्लुङ्,गतौ,1,S,वातात्मजः श्रीमान्प्लवते सागरोपरि,वाल्मीकिरामायणे सुन्दरकाण्डम् 1.146
01.1112,प्लु,प्लुङ्,गतौ,1,S,क्लेशोत्तरं रागवशात्प्लवन्ते।,रघुवंशम् 16.60
01.1113,क्लु,क्लुङ्,गतौ,1,S,,
01.1118,श्यै,श्यैङ्,गतौ,1,S,,
01.1123,डी,डीङ्,विहायसा गतौ,1,A,,
01.1137,गम्,गमॢँ,गतौ,1,S,क्लैब्यं मा स्म गमः पार्थ नैतत्त्वय्युपपद्यते,भगवद्गीता 2.3
01.1137,गम्,गमॢँ,गतौ,1,S,तत्कल्याणि त्वमपि नितरां मा गमः कातरत्वम्,मेघदूतम् (उत्तरमेघ:) 2.49
01.1137,गम्,गमॢँ,गतौ,1,S,रोषणतया मा स्म प्रतीपं गमः।,अभिज्ञानशाकुन्तलम् 4.18
01.1137,गम्,गमॢँ,गतौ,1,S,खिन्नः खिन्नः शिखरिषु पदं न्यस्य गन्तासि यत्र,मेघदूतम् (पूर्वमेघः) 1.13
01.1137,गम्,गमॢँ,गतौ,1,S,पूजितस्सहयश्चैव गन्ताऽसीत्यभिचोदितः,वाल्मीकिरामायणे बालकाण्डम् 41.11
01.1137,गम्,गमॢँ,गतौ,1,S,जम्बूकुञ्जप्रतिहतरयं तोयमादाय गच्छेः,मेघदूतम् (पूर्वमेघः) 1.20
01.1137,गम्,गमॢँ,गतौ,1,S,पदं गच्छन्त्यनामयम्,भगवद्गीता 2.51
01.1137,गम्,गमॢँ,गतौ,1,S,गच्छन्ति स्मापदेशात्ता भीतास्तस्य,वाल्मीकिरामायणे बालकाण्डम् 10.22
01.1137,गम्,गमॢँ,गतौ,1,S,परितोषं न गच्छन्ति गुरवो मुनिपुङ्गव,वाल्मीकिरामायणे बालकाण्डम् 58.22
01.1137,गम्,गमॢँ,गतौ,1,S,भौमाश्चैव मृगा स्सर्वे गच्छन्ति स्म,वाल्मीकिरामायणे बालकाण्डम् 74.10
01.1137,गम्,गमॢँ,गतौ,1,S,देवतानां सङ्काशं च ये गच्छन्ति,वाल्मीकिरामायणे सुन्दरकाण्डम् 58.142
01.1137,गम्,गमॢँ,गतौ,1,S,मम तेजोंऽशसंभवम् अवगच्छ,भगवद्गीता 10.41
01.1137,गम्,गमॢँ,गतौ,1,S,पश्चाद्वनाय गच्छेति।,रघुवंशम् 12.7
01.1137,गम्,गमॢँ,गतौ,1,S,मा गच्छ त्वमितस्ततो गिरिश भो,शिवानन्दलहरी 43
01.1137,गम्,गमॢँ,गतौ,1,S,श्रमणीं धर्मनिपुणामभिगच्छेति राघव,वाल्मीकिरामायणे बालकाण्डम् 1.57
01.1137,गम्,गमॢँ,गतौ,1,S,गच्छ त्वं सह भार्यया,वाल्मीकिरामायणे बालकाण्डम् 11.20
01.1137,गम्,गमॢँ,गतौ,1,S,विष्णो पुत्रत्वमागच्छ कृत्वाऽऽत्मानम्,वाल्मीकिरामायणे बालकाण्डम् 15.19
01.1137,गम्,गमॢँ,गतौ,1,S,स्वर्लोकमागच्छ गतज्वरश्चिरम्,वाल्मीकिरामायणे बालकाण्डम् 15.33
01.1137,गम्,गमॢँ,गतौ,1,S,अरिष्टं गच्छ पन्थानं मा भूत्,वाल्मीकिरामायणे बालकाण्डम् 24.3
01.1137,गम्,गमॢँ,गतौ,1,S,पुत्रत्वं गच्छ भगवन्नदित्या मम चानघ,वाल्मीकिरामायणे बालकाण्डम् 29.16
01.1137,गम्,गमॢँ,गतौ,1,S,गच्छ चाश्वं महाभाग तं गृह्य,वाल्मीकिरामायणे बालकाण्डम् 41.21
01.1137,गम्,गमॢँ,गतौ,1,S,सुरश्रेष्ठ गच्छ शीघ्रमितः प्रभो,वाल्मीकिरामायणे बालकाण्डम् 48.21
01.1137,गम्,गमॢँ,गतौ,1,S,तदागच्छ महातेज आश्रमं पुण्यकर्मणः,वाल्मीकिरामायणे बालकाण्डम् 49.11
01.1137,गम्,गमॢँ,गतौ,1,S,दुष्प्रापं सशरीरेण दिवं गच्छ नराधिप,वाल्मीकिरामायणे बालकाण्डम् 60.14
01.1137,गम्,गमॢँ,गतौ,1,S,गच्छ भूयस्त्वं नासि स्वर्गकृतालयः,वाल्मीकिरामायणे बालकाण्डम् 60.17
01.1137,गम्,गमॢँ,गतौ,1,S,भद्रं ते गच्छ सौम्य यथासुखम्,वाल्मीकिरामायणे बालकाण्डम् 65.20
01.1137,गम्,गमॢँ,गतौ,1,S,शीघ्रमागच्छ भद्रं ते द्रष्टुमर्हसि,वाल्मीकिरामायणे बालकाण्डम् 68.12
01.1137,गम्,गमॢँ,गतौ,1,S,गच्छ मन्त्रिपते शीघ्रमैक्ष्वाकुम्,वाल्मीकिरामायणे बालकाण्डम् 70.11
01.1137,गम्,गमॢँ,गतौ,1,S,लक्ष्मणागच्छ भद्रं ते,वाल्मीकिरामायणे बालकाण्डम् 73.31
01.1137,गम्,गमॢँ,गतौ,1,S,अर्थसिद्ध्यै हरिश्रेष्ठ गच्छ सौम्य,वाल्मीकिरामायणे सुन्दरकाण्डम् 1.171
01.1137,गम्,गमॢँ,गतौ,1,S,हरिश्रेष्ठ गच्छ सौम्य यथासुखम्,वाल्मीकिरामायणे सुन्दरकाण्डम् 58.32
01.1137,गम्,गमॢँ,गतौ,1,S,तयोर्न वशमागच्छेत्तौ ह्यस्य परिपन्थिनौ,भगवद्गीता 3.34
01.1137,गम्,गमॢँ,गतौ,1,S,गच्छेदिक्ष्वाकुदायादो विश्वामित्रस्य,वाल्मीकिरामायणे बालकाण्डम् 60.7
01.1137,गम्,गमॢँ,गतौ,1,S,गच्छेत्तद्वद्गमिष्यामि लङ्काम्,वाल्मीकिरामायणे सुन्दरकाण्डम् 1.39
01.1137,गम्,गमॢँ,गतौ,1,S,कथं निगच्छेदिति निग्रहार्थम्,वाल्मीकिरामायणे सुन्दरकाण्डम् 48.35
01.1137,गम्,गमॢँ,गतौ,1,S,इह यः पुनरागच्छेत्परं पारं महोदधेः,वाल्मीकिरामायणे सुन्दरकाण्डम् 52.21
01.1137,गम्,गमॢँ,गतौ,1,S,न मत्सकाशमागच्छेत्कृत्ये हि,वाल्मीकिरामायणे सुन्दरकाण्डम् 64.26
01.1137,गम्,गमॢँ,गतौ,1,S,अप्राप्य योगसंसिद्धिं कां गतिं कृष्ण गच्छति,भगवद्गीता 6.37
01.1137,गम्,गमॢँ,गतौ,1,S,नीचैर्गच्छत्युपरि च दशा चक्रनेमिक्रमेण,मेघदूतम् (उत्तरमेघ:) 2.49
01.1137,गम्,गमॢँ,गतौ,1,S,क्षोदीयानपि गच्छति,शिशुपालवधम् 2.1
01.1137,गम्,गमॢँ,गतौ,1,S,कालः क्रीडति गच्छत्यायुः,मोहमुद्गरः (भजगोविन्दम्) 12
01.1137,गम्,गमॢँ,गतौ,1,S,प्रायो गच्छति यत्र दैवहतकस्तत्रैव,नीतिशतकम् 84
01.1137,गम्,गमॢँ,गतौ,1,S,अवगच्छति मूढचेतनः।,रघुवंशम् 8.88
01.1137,गम्,गमॢँ,गतौ,1,S,धरा गच्छत्यन्तं धरणिधरपादैरपि धृता,वैराग्यशतकम् 72
01.1137,गम्,गमॢँ,गतौ,1,S,कपिस्तत्र न ग्लानिमधिगच्छति,वाल्मीकिरामायणे सुन्दरकाण्डम् 2.3
01.1137,गम्,गमॢँ,गतौ,1,S,ततो गच्छति गोकर्णं पर्वतं केसरी हरिः,वाल्मीकिरामायणे सुन्दरकाण्डम् 35.8
01.1137,गम्,गमॢँ,गतौ,1,S,उपपन्नैरभिज्ञानैर्दूतं तमवगच्छति,वाल्मीकिरामायणे सुन्दरकाण्डम् 35.84
01.1137,गम्,गमॢँ,गतौ,1,S,अनुगच्छति काकुत्स्थं भ्रातरं पालयन्,वाल्मीकिरामायणे सुन्दरकाण्डम् 38.59
01.1137,गम्,गमॢँ,गतौ,1,S,मनश्श्रमं गच्छति निश्चितार्थम्,वाल्मीकिरामायणे सुन्दरकाण्डम् 48.6
01.1137,गम्,गमॢँ,गतौ,1,S,जातहर्षे रणाय निर्गच्छति चापपाणौ,वाल्मीकिरामायणे सुन्दरकाण्डम् 48.22
01.1137,गम्,गमॢँ,गतौ,1,S,हनुमान्मेघजालानि विकर्षन्निव गच्छति,वाल्मीकिरामायणे सुन्दरकाण्डम् 57.6
01.1137,गम्,गमॢँ,गतौ,1,S,सम्परिक्रम्य त्रातारं नाधिगच्छति,वाल्मीकिरामायणे सुन्दरकाण्डम् 67.14
01.1137,गम्,गमॢँ,गतौ,1,S,गच्छति पुरः शरीरम्।,अभिज्ञानशाकुन्तलम् 1.31
01.1137,गम्,गमॢँ,गतौ,1,S,यतः स धर्ता जगतां जगाम,शिशुपालवधम् 3.25
01.1137,गम्,गमॢँ,गतौ,1,S,शिरांसि नैवोद्धतिमाजगाम,शिशुपालवधम् 3.28
01.1137,गम्,गमॢँ,गतौ,1,S,प्रत्युज्जगामेव गुरुप्रमोद,शिशुपालवधम् 3.78
01.1137,गम्,गमॢँ,गतौ,1,S,प्रत्युज्जगामातिथिमातिथेयः।,रघुवंशम् 5.2
01.1137,गम्,गमॢँ,गतौ,1,S,प्रत्युज्जगाम क्रथकैशिकेन्द्रः।,रघुवंशम् 5.61
01.1137,गम्,गमॢँ,गतौ,1,S,सितबालव्यजनैर्जगाम शान्तिम्।,रघुवंशम् 9.66
01.1137,गम्,गमॢँ,गतौ,1,S,तदाऽऽजगाम देवर्षिर्घटकः शुभकर्मणाम्,रुक्मिणीपरिणयः महाकाव्यम् 18
01.1137,गम्,गमॢँ,गतौ,1,S,मुनीन्द्रमागतं जानन्नाजगाम ससंभ्रमम्,रुक्मिणीपरिणयः महाकाव्यम् 59
01.1137,गम्,गमॢँ,गतौ,1,S,जीवितेशवसतिं जगाम सा।,रघुवंशम् 11.20
01.1137,गम्,गमॢँ,गतौ,1,S,स जगाम वनं वीरः प्रतिज्ञामनुपालयन्,वाल्मीकिरामायणे बालकाण्डम् 1.24
01.1137,गम्,गमॢँ,गतौ,1,S,प्रियो भ्राता लक्ष्मणोऽनुजगाम ह,वाल्मीकिरामायणे बालकाण्डम् 1.25
01.1137,गम्,गमॢँ,गतौ,1,S,राजा दशरथस्स्वर्गं जगाम विलपन्सुतम्,वाल्मीकिरामायणे बालकाण्डम् 1.33
01.1137,गम्,गमॢँ,गतौ,1,S,स जगाम वनं वीरो रामपादप्रसादकः,वाल्मीकिरामायणे बालकाण्डम् 1.34
01.1137,गम्,गमॢँ,गतौ,1,S,जगाम सह मारीचस्तस्याश्रमपदं तदा,वाल्मीकिरामायणे बालकाण्डम् 1.52
01.1137,गम्,गमॢँ,गतौ,1,S,किष्किन्धां रामसहितो जगाम च गुहाम्,वाल्मीकिरामायणे बालकाण्डम् 1.67
01.1137,गम्,गमॢँ,गतौ,1,S,तेन नादेन महता निर्जगाम हरीश्वरः,वाल्मीकिरामायणे बालकाण्डम् 1.68
01.1137,गम्,गमॢँ,गतौ,1,S,आपृष्ट्वैवाभ्यनुज्ञातस्स जगाम,वाल्मीकिरामायणे बालकाण्डम् 2.2
01.1137,गम्,गमॢँ,गतौ,1,S,जगाम तमसातीरं जाह्नव्यास्त्वविदूरतः,वाल्मीकिरामायणे बालकाण्डम् 2.3
01.1137,गम्,गमॢँ,गतौ,1,S,कलशं पूर्णमादाय पृष्ठतोऽनुजगाम ह,वाल्मीकिरामायणे बालकाण्डम् 2.21
01.1137,गम्,गमॢँ,गतौ,1,S,आजगाम ततो ब्रह्मा लोककर्ता स्वयम्,वाल्मीकिरामायणे बालकाण्डम् 2.23
01.1137,गम्,गमॢँ,गतौ,1,S,तत: कदाचित्तं देशमाजगाम यदृच्छया,वाल्मीकिरामायणे बालकाण्डम् 10.10
01.1137,गम्,गमॢँ,गतौ,1,S,देशमाजगाम स वीर्यवान्,वाल्मीकिरामायणे बालकाण्डम् 10.24
01.1137,गम्,गमॢँ,गतौ,1,S,प्रत्युज्जगाम तं हृष्टो ब्रह्माणमिव,वाल्मीकिरामायणे बालकाण्डम् 18.42
01.1137,गम्,गमॢँ,गतौ,1,S,परमऋषिः परमं जगाम हर्षम्,वाल्मीकिरामायणे बालकाण्डम् 18.58
01.1137,गम्,गमॢँ,गतौ,1,S,जगामाकाशमाविश्य ब्रह्मलोकं सनातनाम्,वाल्मीकिरामायणे बालकाण्डम् 34.4
01.1137,गम्,गमॢँ,गतौ,1,S,जगाम स्वपुरं राजा सभार्यो रघुनन्दन,वाल्मीकिरामायणे बालकाण्डम् 38.15
01.1137,गम्,गमॢँ,गतौ,1,S,धनुरादाय खड्गं च जगाम लघुविक्रमः,वाल्मीकिरामायणे बालकाण्डम् 41.5
01.1137,गम्,गमॢँ,गतौ,1,S,तद्वचनं श्रुत्वा जगाम लघुविक्रमः,वाल्मीकिरामायणे बालकाण्डम् 41.12
01.1137,गम्,गमॢँ,गतौ,1,S,जगाम त्रिदिवं देवस्सहदेवैर्मरुद्गणैः,वाल्मीकिरामायणे बालकाण्डम् 42.25
01.1137,गम्,गमॢँ,गतौ,1,S,जगाम सरितां श्रेष्ठा सर्वपापप्रणाशिनी,वाल्मीकिरामायणे बालकाण्डम् 43.34
01.1137,गम्,गमॢँ,गतौ,1,S,जगाम च पुनर्गङ्गा भगीरथरथानुगा,वाल्मीकिरामायणे बालकाण्डम् 43.39
01.1137,गम्,गमॢँ,गतौ,1,S,जगाम चिन्तयानस्य विश्वामित्रकथाम्,वाल्मीकिरामायणे बालकाण्डम् 45.3
01.1137,गम्,गमॢँ,गतौ,1,S,ततो मुनिवरस्तूर्णं जगाम सह राघवः,वाल्मीकिरामायणे बालकाण्डम् 45.10
01.1137,गम्,गमॢँ,गतौ,1,S,देवान्विसृज्य देवेशो जगाम भगवान् हरः,वाल्मीकिरामायणे बालकाण्डम् 45.26
01.1137,गम्,गमॢँ,गतौ,1,S,सकाशाद्विधिवत्प्राप्य जगाम मिथिलाम्,वाल्मीकिरामायणे बालकाण्डम् 49.22
01.1137,गम्,गमॢँ,गतौ,1,S,प्रत्युज्जगाम सहसा विनयेन समन्वितः,वाल्मीकिरामायणे बालकाण्डम् 50.7
01.1137,गम्,गमॢँ,गतौ,1,S,जगामानिलवेगेन पादमूलं महात्मनः,वाल्मीकिरामायणे बालकाण्डम् 54.5
01.1137,गम्,गमॢँ,गतौ,1,S,एवमुक्त्वा महातेजा जगाम सह दैवतैः,वाल्मीकिरामायणे बालकाण्डम् 57.6
01.1137,गम्,गमॢँ,गतौ,1,S,एको हि राजा काकुत्स्थ जगाम,वाल्मीकिरामायणे बालकाण्डम् 58.12
01.1137,गम्,गमॢँ,गतौ,1,S,दिवं जगाम काकुत्स्थ मुनीनां पश्यताम्,वाल्मीकिरामायणे बालकाण्डम् 60.16
01.1137,गम्,गमॢँ,गतौ,1,S,गृहीत्वा परमप्रीतो जगाम रघुनन्दन,वाल्मीकिरामायणे बालकाण्डम् 61.22
01.1137,गम्,गमॢँ,गतौ,1,S,जगाम नृपति श्शीघ्रं यज्ञवाटम्,वाल्मीकिरामायणे बालकाण्डम् 62.23
01.1137,गम्,गमॢँ,गतौ,1,S,उत्तरं पर्वतं राम विश्वामित्रो जगाम,वाल्मीकिरामायणे बालकाण्डम् 63.13
01.1137,गम्,गमॢँ,गतौ,1,S,अज्ञायाऽथ नरेन्द्रस्य आजगाम कुशध्वजः,वाल्मीकिरामायणे बालकाण्डम् 70.8
01.1137,गम्,गमॢँ,गतौ,1,S,मुनीन्द्रौ तौ पुरस्कृत्य जगामाशु,वाल्मीकिरामायणे बालकाण्डम् 72.20
01.1137,गम्,गमॢँ,गतौ,1,S,तौ च राजानौ जगामोत्तरपर्वतम्,वाल्मीकिरामायणे बालकाण्डम् 74.1
01.1137,गम्,गमॢँ,गतौ,1,S,आपृष्ट्वाऽथ जगामाशु राजा दशरथः,वाल्मीकिरामायणे बालकाण्डम् 74.2
01.1137,गम्,गमॢँ,गतौ,1,S,ऋषीन् सर्वान् पुरस्कृत्य जगाम,वाल्मीकिरामायणे बालकाण्डम् 74.8
01.1137,गम्,गमॢँ,गतौ,1,S,जामदग्न्यो जगामाशु महेन्द्रम्,वाल्मीकिरामायणे बालकाण्डम् 76.22
01.1137,गम्,गमॢँ,गतौ,1,S,प्रदक्षिणी कृत्य जगामात्मगतिं प्रभुः,वाल्मीकिरामायणे बालकाण्डम् 76.24
01.1137,गम्,गमॢँ,गतौ,1,S,तां सेनां जगामाशु ततः पुरीम्,वाल्मीकिरामायणे बालकाण्डम् 77.7
01.1137,गम्,गमॢँ,गतौ,1,S,उद्वहन्नूरुवेगेन जगाम विमलेऽम्बरे,वाल्मीकिरामायणे सुन्दरकाण्डम् 1.46
01.1137,गम्,गमॢँ,गतौ,1,S,यं यं देशं समुद्रस्य जगाम स महाकपिः,वाल्मीकिरामायणे सुन्दरकाण्डम् 1.68
01.1137,गम्,गमॢँ,गतौ,1,S,जगामाकाशमाविश्य वीर्यवान् प्रहसन्निव,वाल्मीकिरामायणे सुन्दरकाण्डम् 1.133
01.1137,गम्,गमॢँ,गतौ,1,S,पितुः पन्थानमास्थाय जगाम विमलेऽम्बरे,वाल्मीकिरामायणे सुन्दरकाण्डम् 1.135
01.1137,गम्,गमॢँ,गतौ,1,S,जगामाकाशमाविश्य वेगेन गरुडोपमः,वाल्मीकिरामायणे सुन्दरकाण्डम् 1.173
01.1137,गम्,गमॢँ,गतौ,1,S,जगाम वायुमार्गे तु गरुत्मानिव,वाल्मीकिरामायणे सुन्दरकाण्डम् 1.18
01.1137,गम्,गमॢँ,गतौ,1,S,जगामाकाशमाविश्य पन्नगाशनवत्कपिः,वाल्मीकिरामायणे सुन्दरकाण्डम् 1.2
01.1137,गम्,गमॢँ,गतौ,1,S,जगाम वेगवान् लङ्कां लङ्घयित्वा,वाल्मीकिरामायणे सुन्दरकाण्डम् 2.5
01.1137,गम्,गमॢँ,गतौ,1,S,गण्डवन्ति च मध्येन जगाम नगवन्ति च,वाल्मीकिरामायणे सुन्दरकाण्डम् 2.6
01.1137,गम्,गमॢँ,गतौ,1,S,तथा चेन्द्रजितो वेश्म जगाम हरियूथपः,वाल्मीकिरामायणे सुन्दरकाण्डम् 6.21
01.1137,गम्,गमॢँ,गतौ,1,S,पुच्छं ननन्द चिक्रीड जगौ जगाम,वाल्मीकिरामायणे सुन्दरकाण्डम् 10.54
01.1137,गम्,गमॢँ,गतौ,1,S,जगाम चापरां चिन्तां सीतां प्रति,वाल्मीकिरामायणे सुन्दरकाण्डम् 11.1
01.1137,गम्,गमॢँ,गतौ,1,S,जगाम महतीं चिन्तां धर्मसाध्वसशङ्कितः,वाल्मीकिरामायणे सुन्दरकाण्डम् 11.37
01.1137,गम्,गमॢँ,गतौ,1,S,जगाम सीतां प्रति दर्शनोत्सुको न चैव,वाल्मीकिरामायणे सुन्दरकाण्डम् 12.1
01.1137,गम्,गमॢँ,गतौ,1,S,रावणान्तःपुरे तस्मिन् यं कपिर्न जगाम,वाल्मीकिरामायणे सुन्दरकाण्डम् 12.17
01.1137,गम्,गमॢँ,गतौ,1,S,चिन्तामुपजगामाथ शोकोपहतचेतनः,वाल्मीकिरामायणे सुन्दरकाण्डम् 12.25
01.1137,गम्,गमॢँ,गतौ,1,S,जगाम मनसा रामं वचनं चेदमब्रवीत्,वाल्मीकिरामायणे सुन्दरकाण्डम् 16.6
01.1137,गम्,गमॢँ,गतौ,1,S,प्रजगाम नभश्चन्द्रो हंसो नीलमिवोदकम्,वाल्मीकिरामायणे सुन्दरकाण्डम् 17.1
01.1137,गम्,गमॢँ,गतौ,1,S,सन्दिश्य च ततः सर्वा राक्षसीर्निर्जगाम,वाल्मीकिरामायणे सुन्दरकाण्डम् 23.1
01.1137,गम्,गमॢँ,गतौ,1,S,उत्तरां दिशमालोक्य जगाम पुरुषोत्तमः,वाल्मीकिरामायणे सुन्दरकाण्डम् 27.19
01.1137,गम्,गमॢँ,गतौ,1,S,स्वयं प्रहर्षं परमं जगाम सर्वात्मना,वाल्मीकिरामायणे सुन्दरकाण्डम् 31.18
01.1137,गम्,गमॢँ,गतौ,1,S,ततस्तं वायसं दर्भस्सोम्बरेऽनुजगाम ह,वाल्मीकिरामायणे सुन्दरकाण्डम् 38.32
01.1137,गम्,गमॢँ,गतौ,1,S,कार्यं दिशं ह्युदीचीं मनसा जगाम,वाल्मीकिरामायणे सुन्दरकाण्डम् 40.25
01.1137,गम्,गमॢँ,गतौ,1,S,जम्बुमाली महादंष्ट्रो निर्जगाम,वाल्मीकिरामायणे सुन्दरकाण्डम् 44.1
01.1137,गम्,गमॢँ,गतौ,1,S,एव राक्षसैस्तमेव वीरोऽभिजगाम तोरणम्,वाल्मीकिरामायणे सुन्दरकाण्डम् 45.17
01.1137,गम्,गमॢँ,गतौ,1,S,ततस्स निर्जगामामरतुल्यविक्रमः,वाल्मीकिरामायणे सुन्दरकाण्डम् 47.6
01.1137,गम्,गमॢँ,गतौ,1,S,जगाम चिन्तां च स मारुतात्मजः,वाल्मीकिरामायणे सुन्दरकाण्डम् 47.24
01.1137,गम्,गमॢँ,गतौ,1,S,तमेव वीरोऽभिजगाम तोरणं कृतक्षणः,वाल्मीकिरामायणे सुन्दरकाण्डम् 47.39
01.1137,गम्,गमॢँ,गतौ,1,S,निर्जगाम महातेजास्समुद्र इव पर्वसु,वाल्मीकिरामायणे सुन्दरकाण्डम् 48.17
01.1137,गम्,गमॢँ,गतौ,1,S,हनुमन्तमभिप्रेत्य जगाम रणपण्डितः,वाल्मीकिरामायणे सुन्दरकाण्डम् 48.21
01.1137,गम्,गमॢँ,गतौ,1,S,विमुक्तमस्त्रेण जगाम चिन्तां नान्येन,वाल्मीकिरामायणे सुन्दरकाण्डम् 48.49
01.1137,गम्,गमॢँ,गतौ,1,S,जगाम रामं मनसा महात्मा,वाल्मीकिरामायणे सुन्दरकाण्डम् 54.45
01.1137,गम्,गमॢँ,गतौ,1,S,आजगाम महातेजाः पुनर्मध्येन सागरम्,वाल्मीकिरामायणे सुन्दरकाण्डम् 57.13
01.1137,गम्,गमॢँ,गतौ,1,S,कलहं चकार तथैव साम्नोपजगाम कांश्चित्,वाल्मीकिरामायणे सुन्दरकाण्डम् 61.21
01.1137,गम्,गमॢँ,गतौ,1,S,जगाम सहसोत्पत्य वनपालैस्समन्वितः,वाल्मीकिरामायणे सुन्दरकाण्डम् 62.36
01.1137,गम्,गमॢँ,गतौ,1,S,ततस्तु वायसं दीप्तस्स दर्भोऽनुजगाम ह,वाल्मीकिरामायणे सुन्दरकाण्डम् 67.13
01.1137,गम्,गमॢँ,गतौ,1,S,जगाम शान्तिं मम मैथिलात्मजा तवापि,वाल्मीकिरामायणे सुन्दरकाण्डम् 68.29
01.1137,गम्,गमॢँ,गतौ,1,S,लतेव सीता सहसा जगाम।,रघुवंशम् 14.54
01.1137,गम्,गमॢँ,गतौ,1,S,प्रत्युज्जगामोपवनान्तवायुः।,रघुवंशम् 16.36
01.1137,गम्,गमॢँ,गतौ,1,S,निःश्वासहार्यांशुकमाजगाम।,रघुवंशम् 16.43
01.1137,गम्,गमॢँ,गतौ,1,S,जगाम यज्वा यजमानलोकम्।,रघुवंशम् 18.12
01.1137,गम्,गमॢँ,गतौ,1,S,स ब्रह्मभूयंगतिमाजगाम।,रघुवंशम् 18.28
01.1137,गम्,गमॢँ,गतौ,1,S,राजकुलस्य कुमारो भवनं जगाम ।,कादम्बरीसङ्ग्रहे पूर्वभागः 
01.1137,गम्,गमॢँ,गतौ,1,S,उत्क्षिप्यैनां ज्योतिरेकं जगाम।,अभिज्ञानशाकुन्तलम् 5.30
01.1137,गम्,गमॢँ,गतौ,1,S,पश्चादुमाख्यां सुमुखी जगाम,कुमारसम्भवम् 1.25
01.1137,गम्,गमॢँ,गतौ,1,S,तस्मिन्नपत्ये न जगाम तृप्तिम्,कुमारसम्भवम् 1.26
01.1137,गम्,गमॢँ,गतौ,1,S,गन्तारस्त्वामतः पते,शिशुपालवधम् 2.101
01.1137,गम्,गमॢँ,गतौ,1,S,मया महर्षिर्मृदुतामगच्छत्।,रघुवंशम् 5.54
01.1137,गम्,गमॢँ,गतौ,1,S,अगच्छदंशेन गुणाभिलाषिणी।,रघुवंशम् 3.36
01.1137,गम्,गमॢँ,गतौ,1,S,श्रुतेरिवार्थं स्मृतिरन्वगच्छत्।,रघुवंशम् 2.2
01.1137,गम्,गमॢँ,गतौ,1,S,छायेव तां भूपतिरन्वगच्छत्।,रघुवंशम् 2.6
01.1137,गम्,गमॢँ,गतौ,1,S,नाध्यगच्छद्विशिष्टं वा तुल्यं वा,वाल्मीकिरामायणे बालकाण्डम् 7.21
01.1137,गम्,गमॢँ,गतौ,1,S,रसातलमुपागच्छत्सिद्ध्यर्थं तस्य कर्मणः,वाल्मीकिरामायणे बालकाण्डम् 43.40
01.1137,गम्,गमॢँ,गतौ,1,S,ततस्सर्वैस्समागच्छत्प्रहृष्टवत्,वाल्मीकिरामायणे बालकाण्डम् 50.10
01.1137,गम्,गमॢँ,गतौ,1,S,नाध्यगच्छत्तदा पारं शोकस्य,वाल्मीकिरामायणे सुन्दरकाण्डम् 13.49
01.1137,गम्,गमॢँ,गतौ,1,S,तामभ्यगच्छद्रुदितानुसारी।,रघुवंशम् 14.70
01.1137,गम्,गमॢँ,गतौ,1,S,मृदङ्गधीरध्वनिमन्वगच्छत्।,रघुवंशम् 16.13
01.1137,गम्,गमॢँ,गतौ,1,S,गमिष्याम्युपहास्यताम्।,रघुवंशम् 1.3
01.1137,गम्,गमॢँ,गतौ,1,S,अहं तत्रागमिष्यामि न रामं नेतुमर्हसि,वाल्मीकिरामायणे बालकाण्डम् 20.6
01.1137,गम्,गमॢँ,गतौ,1,S,ते क्षमं राजन् गमिष्यामि यथाऽगतम्,वाल्मीकिरामायणे बालकाण्डम् 21.3
01.1137,गम्,गमॢँ,गतौ,1,S,गमिष्यामि सिद्वस्सिद्धाश्रमादहम्,वाल्मीकिरामायणे बालकाण्डम् 31.15
01.1137,गम्,गमॢँ,गतौ,1,S,गमिष्यामि स्वं लोकं गम्यतां नृप,वाल्मीकिरामायणे बालकाण्डम् 44.15
01.1137,गम्,गमॢँ,गतौ,1,S,परितुष्टोऽस्मि गमिष्यामि यथाऽगतम्,वाल्मीकिरामायणे बालकाण्डम् 48.22
01.1137,गम्,गमॢँ,गतौ,1,S,गमिष्यामि नमस्तेऽस्तु मैत्रेणेक्षस्व,वाल्मीकिरामायणे बालकाण्डम् 52.17
01.1137,गम्,गमॢँ,गतौ,1,S,अन्यां गतिं गमिष्यामि स्वस्ति,वाल्मीकिरामायणे बालकाण्डम् 58.8
01.1137,गम्,गमॢँ,गतौ,1,S,नान्यां गतिं गमिष्यामि,वाल्मीकिरामायणे बालकाण्डम् 58.24
01.1137,गम्,गमॢँ,गतौ,1,S,नैव क्रोधं गमिष्यामि न च वक्ष्ये,वाल्मीकिरामायणे बालकाण्डम् 64.17
01.1137,गम्,गमॢँ,गतौ,1,S,गमिष्यामि स्वमालयम्,वाल्मीकिरामायणे बालकाण्डम् 72.19
01.1137,गम्,गमॢँ,गतौ,1,S,मनोजवं गमिष्यामि महेन्द्रम्,वाल्मीकिरामायणे बालकाण्डम् 76.15
01.1137,गम्,गमॢँ,गतौ,1,S,शरमोक्षे गमिष्यामि महेन्द्रम्,वाल्मीकिरामायणे बालकाण्डम् 76.20
01.1137,गम्,गमॢँ,गतौ,1,S,तद्वद्गमिष्यामि लङ्कां रावणपालिताम्,वाल्मीकिरामायणे सुन्दरकाण्डम् 1.39
01.1137,गम्,गमॢँ,गतौ,1,S,अनेनैव हि वेगेन गमिष्यामि सुरालयम्,वाल्मीकिरामायणे सुन्दरकाण्डम् 1.4
01.1137,गम्,गमॢँ,गतौ,1,S,आगमिष्यामि ते वक्त्रं सत्यम्,वाल्मीकिरामायणे सुन्दरकाण्डम् 1.156
01.1137,गम्,गमॢँ,गतौ,1,S,गमिष्यामि ततः को मे पुरुषार्थः,वाल्मीकिरामायणे सुन्दरकाण्डम् 13.21
01.1137,गम्,गमॢँ,गतौ,1,S,सोऽहं नैव गमिष्यामि किष्किन्धाम्,वाल्मीकिरामायणे सुन्दरकाण्डम् 13.38
01.1137,गम्,गमॢँ,गतौ,1,S,नेतः प्रतिगमिष्यामि तामदृष्ट्वा,वाल्मीकिरामायणे सुन्दरकाण्डम् 13.46
01.1137,गम्,गमॢँ,गतौ,1,S,इमामधिगमिष्यामि न हीयं विचिता मया,वाल्मीकिरामायणे सुन्दरकाण्डम् 13.56
01.1137,गम्,गमॢँ,गतौ,1,S,नमस्कृत्वा गमिष्यामि रक्षसां शोकवर्धनः,वाल्मीकिरामायणे सुन्दरकाण्डम् 13.57
01.1137,गम्,गमॢँ,गतौ,1,S,शीघ्रमहं गमिष्यामि यमस्य मूलम्,वाल्मीकिरामायणे सुन्दरकाण्डम् 28.18
01.1137,गम्,गमॢँ,गतौ,1,S,अनाश्वास्य गमिष्यामि दोषवद्गमनम्,वाल्मीकिरामायणे सुन्दरकाण्डम् 30.8
01.1137,गम्,गमॢँ,गतौ,1,S,निहत्य तद्रावणचोदितं बलं सुखं गमिष्यामि,वाल्मीकिरामायणे सुन्दरकाण्डम् 41.13
01.1137,गम्,गमॢँ,गतौ,1,S,समृद्धार्थो गमिष्यामि मिषताम्,वाल्मीकिरामायणे सुन्दरकाण्डम् 42.36
01.1137,गम्,गमॢँ,गतौ,1,S,आगमिष्यामि ते वक्त्रं सत्यम्,वाल्मीकिरामायणे सुन्दरकाण्डम् 58.27
01.1137,गम्,गमॢँ,गतौ,1,S,गुरोर्जग्मतुराश्रमम्।,रघुवंशम् 1.35
01.1137,गम्,गमॢँ,गतौ,1,S,अनुजग्मतुरक्षुद्रौ पितामहमिवाश्विनौ,वाल्मीकिरामायणे बालकाण्डम् 22.8
01.1137,गम्,गमॢँ,गतौ,1,S,दक्षिणमासाद्य जग्मतुर्लघुविक्रमौ,वाल्मीकिरामायणे बालकाण्डम् 24.11
01.1137,गम्,गमॢँ,गतौ,1,S,ऋषींश्चान्यान् सहितावभिजग्मतुः,वाल्मीकिरामायणे बालकाण्डम् 31.2
01.1137,गम्,गमॢँ,गतौ,1,S,जग्मतुस्त्रिदिवं राम कृतार्थाविति नः,वाल्मीकिरामायणे बालकाण्डम् 47.9
01.1137,गम्,गमॢँ,गतौ,1,S,उष्य तत्र निशामेकां जग्मतुर्मिथिलाम्,वाल्मीकिरामायणे बालकाण्डम् 48.10
01.1137,गम्,गमॢँ,गतौ,1,S,याचितौ प्रशमं तत्र जग्मतुस्तौ,वाल्मीकिरामायणे बालकाण्डम् 75.18
01.1137,गम्,गमॢँ,गतौ,1,S,अगमत्कैतकं रजः।,रघुवंशम् 4.55
01.1137,गम्,गमॢँ,गतौ,1,S,द्वारतामगमदन्तकस्य तत्।,रघुवंशम् 11.18
01.1137,गम्,गमॢँ,गतौ,1,S,निष्पिष्य ग्रहणं समुपागमत्,वाल्मीकिरामायणे बालकाण्डम् 1.75
01.1137,गम्,गमॢँ,गतौ,1,S,सीतामनुप्राप्य परां व्रीडामुपागमत्,वाल्मीकिरामायणे बालकाण्डम् 1.81
01.1137,गम्,गमॢँ,गतौ,1,S,शोकमभ्यगमत्तीव्रं व्यषीदत भयान्वितः,वाल्मीकिरामायणे बालकाण्डम् 19.21
01.1137,गम्,गमॢँ,गतौ,1,S,वामनं रूपमास्थाय वैरोचनिमुपागमत्,वाल्मीकिरामायणे बालकाण्डम् 29.19
01.1137,गम्,गमॢँ,गतौ,1,S,शुभाचारो ब्राह्मं तप उपागमत्,वाल्मीकिरामायणे बालकाण्डम् 33.11
01.1137,गम्,गमॢँ,गतौ,1,S,निद्रामुपागमच्छ्रीमान् अस्तंगत इव,वाल्मीकिरामायणे बालकाण्डम् 34.22
01.1137,गम्,गमॢँ,गतौ,1,S,स्वपुरं चागमच्छ्रीमानिष्टयज्ञः,वाल्मीकिरामायणे बालकाण्डम् 41.25
01.1137,गम्,गमॢँ,गतौ,1,S,विश्वामित्रं पुरस्कृत्य यज्ञवाटमुपागमत्,वाल्मीकिरामायणे बालकाण्डम् 50.1
01.1137,गम्,गमॢँ,गतौ,1,S,एवं वर्षसहस्रं हि तपो घोरमुपागमत्,वाल्मीकिरामायणे बालकाण्डम् 63.25
01.1137,गम्,गमॢँ,गतौ,1,S,सबंधुरगमत्तत्र जनको यत्र वर्तते,वाल्मीकिरामायणे बालकाण्डम् 70.15
01.1137,गम्,गमॢँ,गतौ,1,S,कस्यचित्त्वथकालस्य साङ्काश्यादगमत्,वाल्मीकिरामायणे बालकाण्डम् 71.16
01.1137,गम्,गमॢँ,गतौ,1,S,ऋषींस्तदा पुरस्कृत्य यज्ञवाटमुपागमत्,वाल्मीकिरामायणे बालकाण्डम् 73.8
01.1137,गम्,गमॢँ,गतौ,1,S,वीक्ष्यानिलसुतश्चिन्तां पुनरुपागमत्,वाल्मीकिरामायणे सुन्दरकाण्डम् 12.24
01.1137,गम्,गमॢँ,गतौ,1,S,किङ्किणीशतनिर्घोषां दृष्ट्वा विस्मयमागमत्,वाल्मीकिरामायणे सुन्दरकाण्डम् 14.4
01.1137,गम्,गमॢँ,गतौ,1,S,सबाष्पमपसर्पन्ती शिंशुपां तामुपागमत्,वाल्मीकिरामायणे सुन्दरकाण्डम् 24.18
01.1137,गम्,गमॢँ,गतौ,1,S,स तत्र पुनरेवाथ वायसस्समुपागमत्,वाल्मीकिरामायणे सुन्दरकाण्डम् 38.22
01.1137,गम्,गमॢँ,गतौ,1,S,तत्सैन्यमगमत्सर्वं दिशोदश भयार्दितम्,वाल्मीकिरामायणे सुन्दरकाण्डम् 45.14
01.1137,गम्,गमॢँ,गतौ,1,S,तोरणस्थितं समर्थमासीनमुपागमत्कपिम्,वाल्मीकिरामायणे सुन्दरकाण्डम् 47.7
01.1137,गम्,गमॢँ,गतौ,1,S,स तानुपागमद्वीरो बद्ध्वा करपुटाञ्जलिम्,वाल्मीकिरामायणे सुन्दरकाण्डम् 64.5
01.1137,गम्,गमॢँ,गतौ,1,S,तत्र निश्चित्य कन्दर्पमगमत्,कुमारसम्भवम् 2.62
01.1137,गम्,गमॢँ,गतौ,1,S,गुणगणस्तत्राप्यधो गच्छतां,नीतिशतकम् 31
01.1137,गम्,गमॢँ,गतौ,1,S,गच्छतु वा यथेष्टम्,नीतिशतकम् 74
01.1137,गम्,गमॢँ,गतौ,1,S,रत्नं समागच्छतु काञ्चनेन।,रघुवंशम् 6.79
01.1137,गम्,गमॢँ,गतौ,1,S,त्रिदशा: पृथिवी चैव निर्वाणमधिगच्छतु,वाल्मीकिरामायणे बालकाण्डम् 36.13
01.1137,गम्,गमॢँ,गतौ,1,S,न वितथं कार्यं वनं गच्छतु राघवः,वाल्मीकिरामायणे सुन्दरकाण्डम् 33.22
01.1137,गम्,गमॢँ,गतौ,1,S,कपीनां किल लाङ्गूलमिष्टं भवति भूषणम्,वाल्मीकिरामायणे सुन्दरकाण्डम् 53.3
01.1137,गम्,गमॢँ,गतौ,1,S,अभिजग्मुर्निदाघार्ताः।,रघुवंशम् 10.5
01.1137,गम्,गमॢँ,गतौ,1,S,जग्मुर्विभातग्रहमन्दभासः।,रघुवंशम् 7.2
01.1137,गम्,गमॢँ,गतौ,1,S,नार्यो न जग्मुर्विषयान्तराणि।,रघुवंशम् 7.12
01.1137,गम्,गमॢँ,गतौ,1,S,अनुज्ञातास्ततस्सर्वे पुनर्जग्मुर्यथागतम्,वाल्मीकिरामायणे बालकाण्डम् 8.20
01.1137,गम्,गमॢँ,गतौ,1,S,तदाश्रमपदं द्रष्टुं जग्मुस्सर्वाश्च,वाल्मीकिरामायणे बालकाण्डम् 10.16
01.1137,गम्,गमॢँ,गतौ,1,S,ततस्सर्वे पुनर्जग्मुर्यथागतम्,वाल्मीकिरामायणे बालकाण्डम् 12.20
01.1137,गम्,गमॢँ,गतौ,1,S,सुरा भागान्प्रतिजग्मुर्यथागतम्,वाल्मीकिरामायणे बालकाण्डम् 18.1
01.1137,गम्,गमॢँ,गतौ,1,S,सुरास्सर्वे हृष्टा जग्मुर्यथागतम्,वाल्मीकिरामायणे बालकाण्डम् 26.31
01.1137,गम्,गमॢँ,गतौ,1,S,इति काकुत्स्थमुक्त्वाजग्मुर्यथाऽगतम्,वाल्मीकिरामायणे बालकाण्डम् 28.15
01.1137,गम्,गमॢँ,गतौ,1,S,अनुजग्मुर्महात्मानं विश्वामित्रम्,वाल्मीकिरामायणे बालकाण्डम् 31.18
01.1137,गम्,गमॢँ,गतौ,1,S,आमोदं परमं जग्मुर्वराभरणभूषिताः,वाल्मीकिरामायणे बालकाण्डम् 32.13
01.1137,गम्,गमॢँ,गतौ,1,S,जग्मुर्महीतलं राम पितुर्वचनयन्त्रिताः,वाल्मीकिरामायणे बालकाण्डम् 39.16
01.1137,गम्,गमॢँ,गतौ,1,S,परमसंहृष्टाः पुनर्जग्मुर्यथागतम्,वाल्मीकिरामायणे बालकाण्डम् 40.5
01.1137,गम्,गमॢँ,गतौ,1,S,मानयन्तो हि ते राम जग्मुर्भित्त्वा,वाल्मीकिरामायणे बालकाण्डम् 40.16
01.1137,गम्,गमॢँ,गतौ,1,S,धारयन्तं ते विस्मयं जग्मुरुत्तमम्,वाल्मीकिरामायणे बालकाण्डम् 40.18
01.1137,गम्,गमॢँ,गतौ,1,S,तिस्रः प्राचीं दिशं जग्मुः गङ्गाः,वाल्मीकिरामायणे बालकाण्डम् 43.12
01.1137,गम्,गमॢँ,गतौ,1,S,तिस्रस्त्वेता दिशं जग्मुः प्रतीचीम्,वाल्मीकिरामायणे बालकाण्डम् 43.13
01.1137,गम्,गमॢँ,गतौ,1,S,जग्मुः पशुपतिं रुद्रं त्राहि त्राहि,वाल्मीकिरामायणे बालकाण्डम् 45.21
01.1137,गम्,गमॢँ,गतौ,1,S,वचनं श्रुत्वा दिशो जग्मुस्तदाज्ञया,वाल्मीकिरामायणे बालकाण्डम् 59.9
01.1137,गम्,गमॢँ,गतौ,1,S,जग्मुर्यथाऽऽगतं सर्वे यज्ञस्यान्ते,वाल्मीकिरामायणे बालकाण्डम् 60.34
01.1137,गम्,गमॢँ,गतौ,1,S,देवताश्चापि सर्वा जग्मुर्यथागतम्,वाल्मीकिरामायणे बालकाण्डम् 65.26
01.1137,गम्,गमॢँ,गतौ,1,S,तद्धनुः पुरतः कृत्वा निर्जग्मुः,वाल्मीकिरामायणे बालकाण्डम् 67.3
01.1137,गम्,गमॢँ,गतौ,1,S,अनुजग्मुर्हनूमन्तं सैन्या इव,वाल्मीकिरामायणे सुन्दरकाण्डम् 1.48
01.1137,गम्,गमॢँ,गतौ,1,S,भूतानि च भयं जग्मुस्तेषां पतनशङ्कया,वाल्मीकिरामायणे सुन्दरकाण्डम् 1.124
01.1137,गम्,गमॢँ,गतौ,1,S,अनुजग्मुः पतिं वीरं घनं विद्युल्लता,वाल्मीकिरामायणे सुन्दरकाण्डम् 18.15
01.1137,गम्,गमॢँ,गतौ,1,S,काश्चिज्जग्मुस्तदाख्यातुं रावणस्य,वाल्मीकिरामायणे सुन्दरकाण्डम् 27.1
01.1137,गम्,गमॢँ,गतौ,1,S,चिन्तां जग्मुः पुनर्भीताः,वाल्मीकिरामायणे सुन्दरकाण्डम् 35.69
01.1137,गम्,गमॢँ,गतौ,1,S,तत्र जग्मुः परां प्रीतिमतुल्यरूपाम्,वाल्मीकिरामायणे सुन्दरकाण्डम् 54.5
01.1137,गम्,गमॢँ,गतौ,1,S,प्रीतिं हरयो जग्मुरुत्तमाम्,वाल्मीकिरामायणे सुन्दरकाण्डम् 58.1
01.1137,गम्,गमॢँ,गतौ,1,S,जग्मुर्मधुवनं यत्र नदीवेग इव द्रुमम्,वाल्मीकिरामायणे सुन्दरकाण्डम् 62.6
01.1137,गम्,गमॢँ,गतौ,1,S,केचिच्च जग्मुरन्योन्यमुत्कटाः,वाल्मीकिरामायणे सुन्दरकाण्डम् 62.1
01.1137,गम्,गमॢँ,गतौ,1,S,आजग्मुस्तेऽपि हरयो रामदर्शनकांक्षिणः,वाल्मीकिरामायणे सुन्दरकाण्डम् 64.35
01.1137,गम्,गमॢँ,गतौ,1,S,अभिजग्मुर्महर्षयः।,रघुवंशम् 15.59
01.1137,गम्,गमॢँ,गतौ,1,S,गच्छामः सद्म,शृङ्गारशतकम् 28
01.1137,गम्,गमॢँ,गतौ,1,S,इहागच्छत गच्छामो वानरान् बलदर्पितान्,वाल्मीकिरामायणे सुन्दरकाण्डम् 62.19
01.1137,गम्,गमॢँ,गतौ,1,S,गच्छामो भर्ता नो यत्र वानरः,वाल्मीकिरामायणे सुन्दरकाण्डम् 62.31
01.1137,गम्,गमॢँ,गतौ,1,S,धन्विनौ तमृषिमन्वगच्छताम्।,रघुवंशम् 11.5
01.1137,गम्,गमॢँ,गतौ,1,S,ते च ताभिरगमन्कृतार्थताम्।,रघुवंशम् 11.56
01.1137,गम्,गमॢँ,गतौ,1,S,ऋषयोऽभ्यागमन्सर्वे वधायासुररक्षसाम्,वाल्मीकिरामायणे बालकाण्डम् 1.43
01.1137,गम्,गमॢँ,गतौ,1,S,विशालाक्षीं प्रीत्यानन्दमुपागमन्,वाल्मीकिरामायणे बालकाण्डम् 11.29
01.1137,गम्,गमॢँ,गतौ,1,S,विज्ञाय परमप्रीता मुनयो हर्षमागमन्,वाल्मीकिरामायणे बालकाण्डम् 23.18
01.1137,गम्,गमॢँ,गतौ,1,S,सेनापतिमभीप्सन्त: पितामहमुपागमन्,वाल्मीकिरामायणे बालकाण्डम् 37.1
01.1137,गम्,गमॢँ,गतौ,1,S,सम्भ्रान्तमनसस्सर्वे पितामहमुपागमन्,वाल्मीकिरामायणे बालकाण्डम् 39.22
01.1137,गम्,गमॢँ,गतौ,1,S,गङ्गामन्वगमन् प्रीतास्सर्वे जलचराश्च,वाल्मीकिरामायणे बालकाण्डम् 43.32
01.1137,गम्,गमॢँ,गतौ,1,S,नाभ्यागमंस्तदाहूता भागार्थं सर्वदेवताः,वाल्मीकिरामायणे बालकाण्डम् 60.11
01.1137,गम्,गमॢँ,गतौ,1,S,गृहीत्वाऽऽभ्यगमन् क्रुद्धा यत्र ते,वाल्मीकिरामायणे सुन्दरकाण्डम् 62.22
01.1137,गम्,गमॢँ,गतौ,1,S,गणिकास्तत्र गच्छन्तु,वाल्मीकिरामायणे बालकाण्डम् 10.5
01.1137,गम्,गमॢँ,गतौ,1,S,भवतोऽनुमते ब्रह्मन् शीघ्रं गच्छन्तु,वाल्मीकिरामायणे बालकाण्डम् 67.24
01.1137,गम्,गमॢँ,गतौ,1,S,तं स राजा दशरथो गमिष्यति महायशाः,वाल्मीकिरामायणे बालकाण्डम् 11.4
01.1137,गम्,गमॢँ,गतौ,1,S,लोकानां येन ख्यातिं गमिष्यति,वाल्मीकिरामायणे बालकाण्डम् 19.11
01.1137,गम्,गमॢँ,गतौ,1,S,गतो ह्येष मुनिर्मौनित्वं च गमिष्यति,वाल्मीकिरामायणे बालकाण्डम् 30.4
01.1137,गम्,गमॢँ,गतौ,1,S,आगमिष्यति दुर्धर्षस्तदा पूता,वाल्मीकिरामायणे बालकाण्डम् 48.32
01.1137,गम्,गमॢँ,गतौ,1,S,स्सर्वलोकेषु निषादत्वं गमिष्यति,वाल्मीकिरामायणे बालकाण्डम् 59.20
01.1137,गम्,गमॢँ,गतौ,1,S,यथाऽयं स्वशरीरेण स्वर्गलोकं गमिष्यति,वाल्मीकिरामायणे बालकाण्डम् 60.3
01.1137,गम्,गमॢँ,गतौ,1,S,त्वयि विश्रान्तस्ततः शेषं गमिष्यति,वाल्मीकिरामायणे सुन्दरकाण्डम् 1.1
01.1137,गम्,गमॢँ,गतौ,1,S,विजेष्यत्युपायेन विषादं वा गमिष्यति,वाल्मीकिरामायणे सुन्दरकाण्डम् 1.148
01.1137,गम्,गमॢँ,गतौ,1,S,आगमिष्यति साऽवश्यमिमां शिवजलां नदीम्,वाल्मीकिरामायणे सुन्दरकाण्डम् 14.51
01.1137,गम्,गमॢँ,गतौ,1,S,त्रासिता पूर्वं भूयस्त्रासं गमिष्यति,वाल्मीकिरामायणे सुन्दरकाण्डम् 30.21
01.1137,गम्,गमॢँ,गतौ,1,S,शोकस्यास्य कदा पारं राघवोऽधिगमिष्यति,वाल्मीकिरामायणे सुन्दरकाण्डम् 37.5
01.1137,गम्,गमॢँ,गतौ,1,S,आगमिष्यति सुग्रीवः सर्वेषां वो निषूदनः,वाल्मीकिरामायणे सुन्दरकाण्डम् 43.25
01.1137,गम्,गमॢँ,गतौ,1,S,अभ्यगच्छन्महातेजा विश्वामित्रो महामुनिः,वाल्मीकिरामायणे बालकाण्डम् 18.38
01.1137,गम्,गमॢँ,गतौ,1,S,गङ्गामादाय तेऽगच्छन् कृतार्थेन,वाल्मीकिरामायणे बालकाण्डम् 35.19
01.1137,गम्,गमॢँ,गतौ,1,S,देशेषु चागच्छन् वर्जयित्वा महोदयम्,वाल्मीकिरामायणे बालकाण्डम् 59.11
01.1137,गम्,गमॢँ,गतौ,1,S,अभ्यागच्छन् सुरास्सर्वे तपः,वाल्मीकिरामायणे बालकाण्डम् 63.1
01.1137,गम्,गमॢँ,गतौ,1,S,जनपदौ स्फीतौ ख्यातिं लोके गमिष्यतः,वाल्मीकिरामायणे बालकाण्डम् 24.22
01.1137,गम्,गमॢँ,गतौ,1,S,महासत्त्वौ नृसिंहावागमिष्यतः,वाल्मीकिरामायणे सुन्दरकाण्डम् 39.41
01.1137,गम्,गमॢँ,गतौ,1,S,श्व: प्रभाते गमिष्यामस्तदाश्रमपदं मम,वाल्मीकिरामायणे बालकाण्डम् 26.34
01.1137,गम्,गमॢँ,गतौ,1,S,अनया त्ववगच्छामि देशस्य सुखवत्तया,वाल्मीकिरामायणे बालकाण्डम् 28.19
01.1137,गम्,गमॢँ,गतौ,1,S,यदीतः प्रतिगच्छामि सीतामनधिगम्य ताम्,वाल्मीकिरामायणे सुन्दरकाण्डम् 13.46
01.1137,गम्,गमॢँ,गतौ,1,S,चैव नरशार्दूल सहास्माभिर्गमिष्यसि,वाल्मीकिरामायणे बालकाण्डम् 31.7
01.1137,गम्,गमॢँ,गतौ,1,S,परमसङ्कृद्धाश्चण्डालत्वं गमिष्यसि,वाल्मीकिरामायणे बालकाण्डम् 58.9
01.1137,गम्,गमॢँ,गतौ,1,S,अनेन सह रूपेण सशरीरो गमिष्यसि,वाल्मीकिरामायणे बालकाण्डम् 59.4
01.1137,गम्,गमॢँ,गतौ,1,S,हरिश्रेष्ठ विश्रान्तोऽनु गमिष्यसि,वाल्मीकिरामायणे सुन्दरकाण्डम् 1.117
01.1137,गम्,गमॢँ,गतौ,1,S,संवृते देशे विश्रान्तःश्वो गमिष्यसि,वाल्मीकिरामायणे सुन्दरकाण्डम् 39.2
01.1137,गम्,गमॢँ,गतौ,1,S,कथमातपे गमिष्यसि।,अभिज्ञानशाकुन्तलम् 3.20
01.1137,गम्,गमॢँ,गतौ,1,S,समुद्रमालिनीं सर्वां पृथिवीमनुगच्छत,वाल्मीकिरामायणे बालकाण्डम् 39.13
01.1137,गम्,गमॢँ,गतौ,1,S,एकैकयोजनं पुत्रा विस्तारमधिगच्छत,वाल्मीकिरामायणे बालकाण्डम् 39.14
01.1137,गम्,गमॢँ,गतौ,1,S,अपगच्छत नश्यध्वं सीतामाप्नोति राघवः,वाल्मीकिरामायणे सुन्दरकाण्डम् 27.39
01.1137,गम्,गमॢँ,गतौ,1,S,स्वर्गं गच्छेयुरत्यन्तं सर्वे मे,वाल्मीकिरामायणे बालकाण्डम् 42.19
01.1137,गम्,गमॢँ,गतौ,1,S,अनुगच्छेयुरादिष्टा रावणेन दुरात्मना,वाल्मीकिरामायणे सुन्दरकाण्डम् 37.47
01.1137,गम्,गमॢँ,गतौ,1,S,गच्छेयं स्वशरीरेण देवानां परमाम्,वाल्मीकिरामायणे बालकाण्डम् 57.11
01.1137,गम्,गमॢँ,गतौ,1,S,कथं स्वर्गं गमिष्यन्ति विश्वामित्रेण,वाल्मीकिरामायणे बालकाण्डम् 59.14
01.1137,गम्,गमॢँ,गतौ,1,S,अगच्छं जानकीं सीतां मार्गमाणो,वाल्मीकिरामायणे सुन्दरकाण्डम् 65.9
01.1137,गम्,गमॢँ,गतौ,1,S,चक्षुषोर्विषयं तस्य न तावदुपगच्छसि,वाल्मीकिरामायणे सुन्दरकाण्डम् 22.17
01.1137,गम्,गमॢँ,गतौ,1,S,नाहमस्मि तथा देवि यथा मामवगच्छसि,वाल्मीकिरामायणे सुन्दरकाण्डम् 34.41
01.1137,गम्,गमॢँ,गतौ,1,S,नामाक्षरं गणय गच्छसि यावदन्तम्।,अभिज्ञानशाकुन्तलम् 6.12
01.1137,गम्,गमॢँ,गतौ,1,S,मामितो गृह्य गच्छेत तत्तस्य सदृशम्,वाल्मीकिरामायणे सुन्दरकाण्डम् 37.62
01.1137,गम्,गमॢँ,गतौ,1,S,ततोऽहं सुचिरं कालं वेगेनाभ्यागमं पथि,वाल्मीकिरामायणे सुन्दरकाण्डम् 58.2
01.1137,गम्,गमॢँ,गतौ,1,S,नष्टौजसं रणे कृत्वा परं हर्षमुपागमम्,वाल्मीकिरामायणे सुन्दरकाण्डम् 58.127
01.1137,गम्,गमॢँ,गतौ,1,S,सरस्नातुमभ्यागमम्।,कादम्बरीसङ्ग्रहे पूर्वभागः 
01.1137,गम्,गमॢँ,गतौ,1,S,बाढं गच्छाम इत्युक्त्वा खमुत्पेतुः,वाल्मीकिरामायणे सुन्दरकाण्डम् 64.21
01.1138,सृप्,सृपॢँ,गतौ,1,S,सरित्प्रवाहस्तटमुत्ससर्प।,रघुवंशम् 5.46
01.1138,सृप्,सृपॢँ,गतौ,1,S,तत्र तत्र विससर्प मायया।,रघुवंशम् 11.29
01.1138,सृप्,सृपॢँ,गतौ,1,S,परमोद्विग्नस्सोपासर्पत्सुभीतवत्,वाल्मीकिरामायणे सुन्दरकाण्डम् 10.12
01.1138,सृप्,सृपॢँ,गतौ,1,S,व्यपसर्पतु ते सीते भयं मत्तः,वाल्मीकिरामायणे सुन्दरकाण्डम् 20.4
01.1138,सृप्,सृपॢँ,गतौ,1,S,यथा यथा समीपं स हनुमानुपसर्पति,वाल्मीकिरामायणे सुन्दरकाण्डम् 34.9
01.1138,सृप्,सृपॢँ,गतौ,1,S,विनीतं पातकिनमिव नोपसर्पति ।,कादम्बरीसङ्ग्रहे पूर्वभागः 
02.0008,ईर्,ईरँ,गतौ कम्पने च,2,S,,
02.0040,इ,इण्,गतौ,2,S,सुचैतन्यमेतीति किं चित्रमत्र,श्रीरामभुजङ्गप्रयातस्तोत्रम् 16
02.0040,इ,इण्,गतौ,2,S,स्थातव्यं ते नयनविषयं यावदत्येति भानुः ।,मेघदूतम् (पूर्वमेघः) 1.37
02.0040,इ,इण्,गतौ,2,S,नैति मामेति सोऽर्जुन,भगवद्गीता 4.9
02.0040,इ,इण्,गतौ,2,S,उपैति शान्तरजसं ब्रह्मभूतमकल्मषम्,भगवद्गीता 6.27
02.0040,इ,इण्,गतौ,2,S,पुमांसमभ्येति भवान्तरेष्वपि,शिशुपालवधम् 1.72
02.0040,इ,इण्,गतौ,2,S,त्विषा नात्येति पूषणम्,शिशुपालवधम् 2.23
02.0040,इ,इण्,गतौ,2,S,उपैति मम जल्पतः,शिशुपालवधम् 2.71
02.0040,इ,इण्,गतौ,2,S,संभूयाम्भोधिमभ्येति,शिशुपालवधम् 2.1
02.0040,इ,इण्,गतौ,2,S,अशङ्किताकारमुपैति शङ्कितः,किरातार्जुनीयम् 1.14
02.0040,इ,इण्,गतौ,2,S,परैति कार्श्यं यशसा समं वपुः,किरातार्जुनीयम् 1.39
02.0040,इ,इण्,गतौ,2,S,भवानपीदं परवानवैति।,रघुवंशम् 2.56
02.0040,इ,इण्,गतौ,2,S,सह दीपार्चिरुपैति मेदिनीम्।,रघुवंशम् 8.38
02.0040,इ,इण्,गतौ,2,S,शशिनं पुनरेति शर्वरी।,रघुवंशम् 8.56
02.0040,इ,इण्,गतौ,2,S,न पुनरेति गतं चतुरं वयः।,रघुवंशम् 9.47
02.0040,इ,इण्,गतौ,2,S,किं युक्तं सहसाभ्युपैति बलवान्कालः,वैराग्यशतकम् 83
02.0040,इ,इण्,गतौ,2,S,तदैनं पृष्ठतोऽन्वेति सधनुः परिपालयन्,वाल्मीकिरामायणे बालकाण्डम् 18.31
02.0040,इ,इण्,गतौ,2,S,नात्येति कालो यज्ञस्य यथाऽयं मम राघव,वाल्मीकिरामायणे बालकाण्डम् 19.18
02.0040,इ,इण्,गतौ,2,S,कपिशार्दूलस्त्वामुपर्येति वीर्यवान्,वाल्मीकिरामायणे सुन्दरकाण्डम् 1.95
02.0040,इ,इण्,गतौ,2,S,यदतीतं पुनर्नैति स्रोतः शीघ्रमपामिव,वाल्मीकिरामायणे सुन्दरकाण्डम् 20.12
02.0040,इ,इण्,गतौ,2,S,एति जीवन्तमानन्दो नरं वर्षशतादपि,वाल्मीकिरामायणे सुन्दरकाण्डम् 34.6
02.0040,इ,इण्,गतौ,2,S,तदेव फलमन्वेति धर्मश्चाधर्मनाशनः,वाल्मीकिरामायणे सुन्दरकाण्डम् 51.29
02.0040,इ,इण्,गतौ,2,S,गायन्तमन्यः प्रहसन्नुपैति,वाल्मीकिरामायणे सुन्दरकाण्डम् 61.17
02.0040,इ,इण्,गतौ,2,S,मामर्घ्यपाणिर्भरतोऽभ्युपैति।,रघुवंशम् 13.66
02.0040,इ,इण्,गतौ,2,S,न प्रभातरलं ज्योतिरुदेति वसुधातलात्।,अभिज्ञानशाकुन्तलम् 1.23
02.0040,इ,इण्,गतौ,2,S,निशापि वासरेण सह मिश्रतामेति ।,कादम्बरीसङ्ग्रहे पूर्वभागः 
02.0040,इ,इण्,गतौ,2,S,उदेति पूर्वं कुसुमं ततः फलम्।,अभिज्ञानशाकुन्तलम् 7.30
02.0040,इ,इण्,गतौ,2,S,शश्वत् सिद्धैरुपचितबलिं भक्तिनम्रः परीयाः,मेघदूतम् (पूर्वमेघः) 1.58
02.0040,इ,इण्,गतौ,2,S,विमुक्तो मामुपैष्यसि,भगवद्गीता 9.28
02.0040,इ,इण्,गतौ,2,S,मय्यर्पितमनोबुद्धिर्मामेवैष्यस्यसंशयम्,भगवद्गीता 8.7
02.0040,इ,इण्,गतौ,2,S,कृतार्थस्त्वं सहाश्वश्शीघ्रमेष्यसि,वाल्मीकिरामायणे बालकाण्डम् 41.9
02.0040,इ,इण्,गतौ,2,S,भक्तिं मयि परां कृत्वा मामेवैष्यत्यसंशयः,भगवद्गीता 18.68
02.0040,इ,इण्,गतौ,2,S,मीनक्षोभाचलकुवलयश्रीतुलामेष्यतीति,मेघदूतम् (उत्तरमेघ:) 2.35
02.0040,इ,इण्,गतौ,2,S,बाणः संधानमेष्यति,शिशुपालवधम् 2.97
02.0040,इ,इण्,गतौ,2,S,पुरोहितममात्यांश्च तत: प्रेष्यति,वाल्मीकिरामायणे बालकाण्डम् 9.14
02.0040,इ,इण्,गतौ,2,S,वचो मह्यं क्षिप्रमेष्यति राघवः,वाल्मीकिरामायणे सुन्दरकाण्डम् 36.34
02.0040,इ,इण्,गतौ,2,S,इमां सा राममहिषी नूनमेष्यति जानकी,वाल्मीकिरामायणे सुन्दरकाण्डम् 14.44
02.0040,इ,इण्,गतौ,2,S,वनसञ्चारकुशला नूनमेष्यति जानकी,वाल्मीकिरामायणे सुन्दरकाण्डम् 14.45
02.0040,इ,इण्,गतौ,2,S,वनमेष्यति साऽर्येह रामचिन्तानुकर्शिता,वाल्मीकिरामायणे सुन्दरकाण्डम् 14.46
02.0040,इ,इण्,गतौ,2,S,सन्ध्याकालमनाः श्यामा ध्रुवमेष्यति,वाल्मीकिरामायणे सुन्दरकाण्डम् 14.49
02.0040,इ,इण्,गतौ,2,S,अस्या नूनं पुनर्लाभाद्राघवः प्रीतिमेष्यति,वाल्मीकिरामायणे सुन्दरकाण्डम् 16.23
02.0040,इ,इण्,गतौ,2,S,सर्वासां च महाभागां त्वामुपैष्यति,वाल्मीकिरामायणे सुन्दरकाण्डम् 23.14
02.0040,इ,इण्,गतौ,2,S,अन्तःपुरं समुत्सृज्य त्वामुपैष्यति,वाल्मीकिरामायणे सुन्दरकाण्डम् 23.15
02.0040,इ,इण्,गतौ,2,S,श्रुत्वैव तु वचो मह्यं क्षिप्रमेष्यति राघवः,वाल्मीकिरामायणे सुन्दरकाण्डम् 37.18
02.0040,इ,इण्,गतौ,2,S,क्षिप्रमेष्यति काकुत्स्थः,वाल्मीकिरामायणे सुन्दरकाण्डम् 39.14
02.0040,इ,इण्,गतौ,2,S,क्षिप्रमेष्यति वैदेहि राक्षसानाम्,वाल्मीकिरामायणे सुन्दरकाण्डम् 39.34
02.0040,इ,इण्,गतौ,2,S,क्षिप्रमेष्यति काकुत्स्थः,वाल्मीकिरामायणे सुन्दरकाण्डम् 56.7
02.0040,इ,इण्,गतौ,2,S,नेता जनस्तव समीपमुपैष्यतीति।,अभिज्ञानशाकुन्तलम् 6.12
02.0040,इ,इण्,गतौ,2,S,शममेष्यति मम शोकः कथम्।,अभिज्ञानशाकुन्तलम् 4.21
02.0040,इ,इण्,गतौ,2,S,परान् नोद्यन्ति मानिनः,शिशुपालवधम् 2.33
02.0040,इ,इण्,गतौ,2,S,दिदृक्षमाणाः प्रतिरथ्यमीयुः,शिशुपालवधम् 3.31
02.0040,इ,इण्,गतौ,2,S,आमोदकर्मव्यतिहारमीयुः,शिशुपालवधम् 3.54
02.0040,इ,इण्,गतौ,2,S,पुरान्निरीयुर्मुरजिद्ध्वजिन्यः,शिशुपालवधम् 3.65
02.0040,इ,इण्,गतौ,2,S,न व्यतीयुः प्रजास्तस्य।,रघुवंशम् 1.17
02.0040,इ,इण्,गतौ,2,S,सप्त व्यतीयुस्त्रिगुणानि तस्य।,रघुवंशम् 2.25
02.0040,इ,इण्,गतौ,2,S,दिदृक्षवो देवगणाः समीयुरमितौजसः,वाल्मीकिरामायणे बालकाण्डम् 43.20
02.0040,इ,इण्,गतौ,2,S,राक्षसाः कथञ्चिदीयुर्यदिहाद्य मार्दवम्,वाल्मीकिरामायणे सुन्दरकाण्डम् 41.4
02.0040,इ,इण्,गतौ,2,S,वेलां समुद्रा इव न व्यतीयुः।,रघुवंशम् 16.2
02.0040,इ,इण्,गतौ,2,S,दातुमाहितसंताना निरीयुः श्वासमरुतः।,कादम्बरीसङ्ग्रहे पूर्वभागः 
02.0040,इ,इण्,गतौ,2,S,दृष्ट्वा मा गा मोहावेशम् ,मोहमुद्गरः (भजगोविन्दम्) 3
02.0040,इ,इण्,गतौ,2,S,मा गाश्चिरायैकचरः प्रमादम्,किरातार्जुनीयम् 3.53
02.0040,इ,इण्,गतौ,2,S,मा गा इत्युपरुद्धया।,अभिज्ञानशाकुन्तलम् 2.2
02.0040,इ,इण्,गतौ,2,S,क्षितिपसमाजमगात् स्वयंवरस्थम्।,रघुवंशम् 5.76
02.0040,इ,इण्,गतौ,2,S,ससैन्यश्चान्वगाद्रामम्।,रघुवंशम् 12.14
02.0040,इ,इण्,गतौ,2,S,सा व्यत्यगादन्यवधूर्भवित्री।,रघुवंशम् 6.52
02.0040,इ,इण्,गतौ,2,S,अन्वगादिव हि स्वर्गः।,रघुवंशम् 10.72
02.0040,इ,इण्,गतौ,2,S,प्रास्थापयद्राघवमन्वगाच्च।,रघुवंशम् 7.32
02.0040,इ,इण्,गतौ,2,S,दयितां यदि तावदन्वगात्।,रघुवंशम् 8.50
02.0040,इ,इण्,गतौ,2,S,देहबद्धमिव धर्ममभ्यगात्।,रघुवंशम् 11.35
02.0040,इ,इण्,गतौ,2,S,शब्द उच्चरित एव मामगात्।,रघुवंशम् 11.73
02.0040,इ,इण्,गतौ,2,S,धन्वी तं च सौमित्रिरन्वगात्,वाल्मीकिरामायणे बालकाण्डम् 22.6
02.0040,इ,इण्,गतौ,2,S,सप्तमी चान्वगात्तासां भगीरथमथो नृपम्,वाल्मीकिरामायणे बालकाण्डम् 43.14
02.0040,इ,इण्,गतौ,2,S,महातेजास्तं गङ्गा पृष्ठतोऽन्वगात्,वाल्मीकिरामायणे बालकाण्डम् 43.30
02.0040,इ,इण्,गतौ,2,S,उक्त्वा देवेशस्त्रिदिवं पुनरभ्यगात्,वाल्मीकिरामायणे बालकाण्डम् 63.3
02.0040,इ,इण्,गतौ,2,S,राजानमृषिभि स्सार्धं व्रजन्तं पृष्ठतोऽन्वगात्,वाल्मीकिरामायणे बालकाण्डम् 69.6
02.0040,इ,इण्,गतौ,2,S,वाल्मीकेरिति सोऽत्यगात्।,रघुवंशम् 15.37
02.0040,इ,इण्,गतौ,2,S,पातालमभ्यगात्।,रघुवंशम् 15.84
02.0040,इ,इण्,गतौ,2,S,रामान्तिकमगात्पुनः।,रघुवंशम् 15.89
02.0040,इ,इण्,गतौ,2,S,न प्रदीप इव वायुमत्यगात्।,रघुवंशम् 19.53
02.0040,इ,इण्,गतौ,2,S,कलशशतसनाथां स्नानभूमिमगात् ।,कादम्बरीसङ्ग्रहे पूर्वभागः 
02.0040,इ,इण्,गतौ,2,S,राज्ञे प्रतीयाय गुरोः सकाशम्।,रघुवंशम् 5.35
02.0040,इ,इण्,गतौ,2,S,अभीयाय पराशरात्मजः,किरातार्जुनीयम् 2.54
02.0040,इ,इण्,गतौ,2,S,पुण्यः कृशानोरुदियाय धूमः।,रघुवंशम् 7.26
02.0040,इ,इण्,गतौ,2,S,रघुराप्तैः समियाय योगिभिः।,रघुवंशम् 8.17
02.0040,इ,इण्,गतौ,2,S,पङ्कोऽपि रेणुत्वमियाय नेतुः।,रघुवंशम् 16.30
02.0040,इ,इण्,गतौ,2,S,ध्रुवमेतदवेहि विद्विषाम्,किरातार्जुनीयम् 2.22
02.0040,इ,इण्,गतौ,2,S,सर्वत्र नो वार्तमवेहि राजन्।,रघुवंशम् 5.13
02.0040,इ,इण्,गतौ,2,S,अवेहि गन्धर्वपतेस्तनूजम्।,रघुवंशम् 5.53
02.0040,इ,इण्,गतौ,2,S,इत्यवेहि त्वया कृतम्।,रघुवंशम् 12.37
02.0040,इ,इण्,गतौ,2,S,ॠणमन्त्यमवेहि मे।,रघुवंशम् 1.71
02.0040,इ,इण्,गतौ,2,S,अवेहि मां प्रीतमृते तुरङ्गमात्।,रघुवंशम् 3.63
02.0040,इ,इण्,गतौ,2,S,अवेहि मां किङ्करमष्टमूर्तेः।,रघुवंशम् 2.35
02.0040,इ,इण्,गतौ,2,S,इमामनूनां सुरभेरवेहि।,रघुवंशम् 2.54
02.0040,इ,इण्,गतौ,2,S,अवेहि मां कामदुघां प्रसन्नाम्।,रघुवंशम् 2.63
02.0040,इ,इण्,गतौ,2,S,एह्याश्रमपदं सौम्य ह्यस्माकमिति,वाल्मीकिरामायणे बालकाण्डम् 10.26
02.0040,इ,इण्,गतौ,2,S,निद्रामभ्येहि भद्रं ते मा भूद्विघ्नः,वाल्मीकिरामायणे बालकाण्डम् 34.14
02.0040,इ,इण्,गतौ,2,S,एह्येहि शबले क्षिप्रं श्रृणु चापि,वाल्मीकिरामायणे बालकाण्डम् 52.21
02.0040,इ,इण्,गतौ,2,S,इत एहीत्युवाचेन तत्र यत्र स रावणः,वाल्मीकिरामायणे सुन्दरकाण्डम् 9.21
02.0040,इ,इण्,गतौ,2,S,संभावनागुणमवेहि तमीश्वराणाम्।,अभिज्ञानशाकुन्तलम् 7.4
02.0040,इ,इण्,गतौ,2,S,अवेहि तनयां ब्रह्मन्।,अभिज्ञानशाकुन्तलम् 4.4
02.0040,इ,इण्,गतौ,2,S,प्रयता प्रातरन्वेतु।,रघुवंशम् 1.90
02.0040,इ,इण्,गतौ,2,S,लक्ष्मीस्त्वां समभ्येतु भूयः,किरातार्जुनीयम् 1.46
02.0040,इ,इण्,गतौ,2,S,तदलं परितापेन देवि शोको व्यपैतु ते,वाल्मीकिरामायणे सुन्दरकाण्डम् 39.4
02.0040,इ,इण्,गतौ,2,S,तदलं परितापेन देवि मन्युर्व्यपैतु ते,वाल्मीकिरामायणे सुन्दरकाण्डम् 68.23
02.0040,इ,इण्,गतौ,2,S,उपैतु योगं पुनरंसलेन।,रघुवंशम् 16.84
02.0040,इ,इण्,गतौ,2,S,हृदयात्प्रत्यादेशव्यलीकमपैतु ते।,अभिज्ञानशाकुन्तलम् 7.24
02.0040,इ,इण्,गतौ,2,S,चिराय पर्येषि सुखस्य साधनम्,किरातार्जुनीयम् 1.44
02.0040,इ,इण्,गतौ,2,S,पठन्द्विजो वागृषभत्वमीयात्,वाल्मीकिरामायणे बालकाण्डम् 1.100
02.0040,इ,इण्,गतौ,2,S,सर्वथा कृतकार्योऽहमेष्यामि सह सीतया,वाल्मीकिरामायणे सुन्दरकाण्डम् 1.42
02.0040,इ,इण्,गतौ,2,S,ध्रुवं प्रायमुपैष्यन्ति कालस्य व्यतिवर्तने,वाल्मीकिरामायणे सुन्दरकाण्डम् 12.8
02.0040,इ,इण्,गतौ,2,S,एकोत्पातेन ते लङ्कामेष्यन्ति,वाल्मीकिरामायणे सुन्दरकाण्डम् 39.4
02.0040,इ,इण्,गतौ,2,S,नानाप्रहरणो घोर: समेयादन्तकोपम:,वाल्मीकिरामायणे सुन्दरकाण्डम् 30.22
02.0040,इ,इण्,गतौ,2,S,सुग्रीवसहितौ वीरावुपेयातां तथा कुरु,वाल्मीकिरामायणे सुन्दरकाण्डम् 58.105
02.0040,इ,इण्,गतौ,2,S,अवैमि चैनामनघेति किन्तु।,रघुवंशम् 14.40
02.0040,इ,इण्,गतौ,2,S,अवैमि कार्यान्तरमानुषस्य।,रघुवंशम् 16.82
02.0040,इ,इण्,गतौ,2,S,जनमिह सुखसङ्गिनमवैमि।,अभिज्ञानशाकुन्तलम् 5.11
02.0049,द्रा,द्रा,कुत्सायां गतौ,2,A,,
02.0068,दरिद्रा,दरिद्रा,दुर्गतौ,2,A,,
03.0008,हा,ओँहाङ्,गतौ,3,S,उपाजिहीथा न महीतलं यदि,शिशुपालवधम् 1.37
03.0008,हा,ओँहाङ्,गतौ,3,S,यतो रजः पार्थिवमुज्जिहीते।,रघुवंशम् 13.64
03.0017,ऋ,ऋ,गतौ,3,S,,
03.0018,सृ,सृ,गतौ,3,S,भिन्नोऽष्टधा विप्रससार वंशः।,रघुवंशम् 16.3
03.0018,सृ,सृ,गतौ,3,S,अतिदूरमम्बरतलमपससार।,कादम्बरीसङ्ग्रहे पूर्वभागः 
04.0022,इष्,इषँ,गतौ,4,S,अन्वियेष सुदृशीं स च स्नुषाम्।,रघुवंशम् 11.50
04.0022,इष्,इषँ,गतौ,4,S,त्वं समेष्वसि रामेण शशाङ्केनेव,वाल्मीकिरामायणे सुन्दरकाण्डम् 39.45
04.0030,डी,डीङ्,विहायसा गतौ,4,A,,
04.0038,ई,ईङ्,गतौ,4,S,वनवासे रता नित्यमेष्यते वनचारिणी,वाल्मीकिरामायणे सुन्दरकाण्डम् 14.47
04.0065,पद्,पदँ,गतौ,4,S,क्लैब्यं मा स्म गमः पार्थ नैतत्त्वय्युपपद्यते,भगवद्गीता 2.3
04.0065,पद्,पदँ,गतौ,4,S,मद्भक्त एतद्विज्ञाय मद्भावायोपपद्यते,भगवद्गीता 13.19
04.0065,पद्,पदँ,गतौ,4,S,तत एव च विस्तारं ब्रह्म सम्पद्यते तदा,भगवद्गीता 13.31
04.0065,पद्,पदँ,गतौ,4,S,त्वदन्यः संशयस्यास्य छेत्ता न ह्युपपद्यते,भगवद्गीता 6.39
04.0065,पद्,पदँ,गतौ,4,S,बहूनां जन्मनामन्ते ज्ञानवान्मां प्रपद्यते,भगवद्गीता 7.19
04.0065,पद्,पदँ,गतौ,4,S,सारथ्यं प्रतिपद्यते।,रघुवंशम् 10.40
04.0065,पद्,पदँ,गतौ,4,S,जन्मजराविपत्तिमरणं त्रासश् नोत्पद्यते,वैराग्यशतकम् 43
04.0065,पद्,पदँ,गतौ,4,S,इहोत्पद्यते भूतं कस्तत्प्रतिसहिष्यते,वाल्मीकिरामायणे बालकाण्डम् 36.8
04.0065,पद्,पदँ,गतौ,4,S,एकेन निरस्तानि स मां किं नाभिपद्यते,वाल्मीकिरामायणे सुन्दरकाण्डम् 26.14
04.0065,पद्,पदँ,गतौ,4,S,रणे रामेण निहतस्स मां किं नाभिपद्यते,वाल्मीकिरामायणे सुन्दरकाण्डम् 26.16
04.0065,पद्,पदँ,गतौ,4,S,भार्यामिष्टां नाभ्यवपद्यते,वाल्मीकिरामायणे सुन्दरकाण्डम् 26.18
04.0065,पद्,पदँ,गतौ,4,S,पराक्रमादृते विनिश्चयः कश्चिदिहोपपद्यते,वाल्मीकिरामायणे सुन्दरकाण्डम् 41.4
04.0065,पद्,पदँ,गतौ,4,S,क्षोभात्प्रतिपद्यते हि जनः।,अभिज्ञानशाकुन्तलम् 6.31
04.0065,पद्,पदँ,गतौ,4,S,सुखान्तं स्वयं धाम रामं प्रपद्ये,श्रीरामभुजङ्गप्रयातस्तोत्रम् 1
04.0065,पद्,पदँ,गतौ,4,S,तमेव चाद्यं पुरुषं प्रपद्ये,भगवद्गीता 15.4
04.0065,पद्,पदँ,गतौ,4,S,परमसदाशिवभावनां प्रपद्ये,शिवानन्दलहरी 67
04.0065,पद्,पदँ,गतौ,4,S,शरणं व: प्रपद्येऽहं शरण्यान् शरणागतः,वाल्मीकिरामायणे बालकाण्डम् 57.17
04.0065,पद्,पदँ,गतौ,4,S,येन श्यामं वपुरतितरां कान्तिमापत्स्यते ते,मेघदूतम् (पूर्वमेघः) 1.15
04.0065,पद्,पदँ,गतौ,4,S,शिवप्रसादसुलभः संपत्स्यते योगिनाम्,वैराग्यशतकम् 90
04.0065,पद्,पदँ,गतौ,4,S,श्रुत्वा राजा चिन्तां प्रपत्स्यते,वाल्मीकिरामायणे बालकाण्डम् 9.13
04.0065,पद्,पदँ,गतौ,4,S,ब्रह्मर्षिस्त्वं न सन्देहस्सर्वं सम्पत्स्यते तव,वाल्मीकिरामायणे बालकाण्डम् 65.25
04.0065,पद्,पदँ,गतौ,4,S,महावीर्यः क्षिप्रं त्वामभिपत्स्यते,वाल्मीकिरामायणे सुन्दरकाण्डम् 35.79
04.0065,पद्,पदँ,गतौ,4,S,सम्पत्स्यते ते मनसः प्रसादः।,रघुवंशम् 14.76
04.0065,पद्,पदँ,गतौ,4,S,सम्पत्स्यते वः कामोयम्,कुमारसम्भवम् 2.53
04.0065,पद्,पदँ,गतौ,4,S,सम्पत्स्यन्ते नभसि भवतो राजहंसाः सहायाः,मेघदूतम् (पूर्वमेघः) 1.11
04.0065,पद्,पदँ,गतौ,4,S,मामेव ये प्रपद्यन्ते मायामेतां तरन्ति ते,भगवद्गीता 7.14
04.0065,पद्,पदँ,गतौ,4,S,ये यथा मां प्रपद्यन्ते तांस्तथैव भजाम्यहम्,भगवद्गीता 4.11
04.0065,पद्,पदँ,गतौ,4,S,विपद्यन्ते विश्वे विधिशतमखाद्या,सौन्दर्यलहरी 28
04.0065,पद्,पदँ,गतौ,4,S,भूताश्चार्था विपद्यन्ते देशकालविरोधिताः,वाल्मीकिरामायणे सुन्दरकाण्डम् 2.39
04.0065,पद्,पदँ,गतौ,4,S,विस्मयहेतवः पुत्रतां प्रतिपद्यन्ते ।,कादम्बरीसङ्ग्रहे पूर्वभागः 
04.0065,पद्,पदँ,गतौ,4,S,जवेन कण्ठं सभयं प्रप्रेदिर,शिशुपालवधम् 1.56
04.0065,पद्,पदँ,गतौ,4,S,प्रयताः संयमिनां प्रपेदिरे।,रघुवंशम् 8.11
04.0065,पद्,पदँ,गतौ,4,S,अचिरेण गर्भान्प्रतिपेदिरे तदा,वाल्मीकिरामायणे बालकाण्डम् 16.31
04.0065,पद्,पदँ,गतौ,4,S,महेन्द्रस्य ततो हर्षं प्रपेदिरे,वाल्मीकिरामायणे बालकाण्डम् 24.20
04.0065,पद्,पदँ,गतौ,4,S,कालेन महता सर्वे यौवनं प्रतिपेदिरे,वाल्मीकिरामायणे बालकाण्डम् 38.18
04.0065,पद्,पदँ,गतौ,4,S,आविश्य स्वान् लोकान् प्रतिपेदिरे,वाल्मीकिरामायणे बालकाण्डम् 43.29
04.0065,पद्,पदँ,गतौ,4,S,पुष्कराक्षाश्च गगनं प्रतिपेदिरे,वाल्मीकिरामायणे सुन्दरकाण्डम् 1.25
04.0065,पद्,पदँ,गतौ,4,S,निमित्तानि क्रूराणि प्रतिपेदिरे,वाल्मीकिरामायणे सुन्दरकाण्डम् 42.2
04.0065,पद्,पदँ,गतौ,4,S,चिन्तयतस्तस्य निमित्तान्युपपेदिरे,वाल्मीकिरामायणे सुन्दरकाण्डम् 55.21
04.0065,पद्,पदँ,गतौ,4,S,प्राङ्महीं प्रत्यपद्यत।,रघुवंशम् 12.7
04.0065,पद्,पदँ,गतौ,4,S,सदृशं प्रत्यपद्यत।,रघुवंशम् 12.38
04.0065,पद्,पदँ,गतौ,4,S,प्रत्यपद्यत चिराय यः पुनः।,रघुवंशम् 11.34
04.0065,पद्,पदँ,गतौ,4,S,प्रत्यपद्यत समर्थमुत्तरम्।,रघुवंशम् 11.79
04.0065,पद्,पदँ,गतौ,4,S,प्रत्यपद्यत तथेति राघवः।,रघुवंशम् 11.88
04.0065,पद्,पदँ,गतौ,4,S,ऋषेर्धर्मात्मनस्तस्य कारुण्यं समपद्यत,वाल्मीकिरामायणे बालकाण्डम् 2.13
04.0065,पद्,पदँ,गतौ,4,S,प्रापद्यत नरश्रेष्ठ तेन राज्ञाऽभिचोदितः,वाल्मीकिरामायणे बालकाण्डम् 41.6
04.0065,पद्,पदँ,गतौ,4,S,धूम्राश्वतनयश्चापि सञ्जयस्समपद्यत,वाल्मीकिरामायणे बालकाण्डम् 47.14
04.0065,पद्,पदँ,गतौ,4,S,हतदर्पो हतोत्साहो निर्वेदं समपद्यत,वाल्मीकिरामायणे बालकाण्डम् 55.10
04.0065,पद्,पदँ,गतौ,4,S,पृथिवीं क्षत्रधर्मेण वनमेवान्वपद्यत,वाल्मीकिरामायणे बालकाण्डम् 55.11
04.0065,पद्,पदँ,गतौ,4,S,कुक्षेरथात्मजः श्रीमान् विकुक्षिरुदपद्यत,वाल्मीकिरामायणे बालकाण्डम् 70.23
04.0065,पद्,पदँ,गतौ,4,S,सुत श्श्रीमान् सुसन्धिरुदपद्यत,वाल्मीकिरामायणे बालकाण्डम् 70.26
04.0065,पद्,पदँ,गतौ,4,S,कृतोत्साहस्सङ्ग्रामं प्रत्यपद्यत,वाल्मीकिरामायणे सुन्दरकाण्डम् 48.16
04.0065,पद्,पदँ,गतौ,4,S,श्लोकत्वमापद्यत यस्य शोकः।,रघुवंशम् 14.70
04.0065,पद्,पदँ,गतौ,4,S,अभ्यपद्यत स वासितासखः।,रघुवंशम् 19.11
04.0065,पद्,पदँ,गतौ,4,S,प्रत्यपद्यत नराधिपश्रियम्।,रघुवंशम् 19.55
04.0065,पद्,पदँ,गतौ,4,S,कौत्सः प्रपेदे वरतन्तुशिष्यः।,रघुवंशम् 5.1
04.0065,पद्,पदँ,गतौ,4,S,दीप्तिः स्फुरत्पद्मं इवाभिपेदे,किरातार्जुनीयम् 3.25
04.0065,पद्,पदँ,गतौ,4,S,तमः शनैः पाण्डुसुतान्प्रपेदे,किरातार्जुनीयम् 3.32
04.0065,पद्,पदँ,गतौ,4,S,प्रतिपेदे जयश्रियम्।,रघुवंशम् 4.41
04.0065,पद्,पदँ,गतौ,4,S,नरेन्द्रमार्गाट्ट इव पेदे।,रघुवंशम् 6.67
04.0065,पद्,पदँ,गतौ,4,S,मुहूर्तकर्णोत्पलतां प्रपेदे।,रघुवंशम् 7.26
04.0065,पद्,पदँ,गतौ,4,S,प्रतिपेदे सकलान् गुणानपि।,रघुवंशम् 8.5
04.0065,पद्,पदँ,गतौ,4,S,प्रतिपेदे व्यपवर्जितां श्रियम्।,रघुवंशम् 8.13
04.0065,पद्,पदँ,गतौ,4,S,विसृष्टस्तेन वीरेण प्रतिपेदे स्वम्,वाल्मीकिरामायणे सुन्दरकाण्डम् 38.38
04.0065,पद्,पदँ,गतौ,4,S,सुखितमनाः प्रतिसङ्क्रमं प्रपेदे,वाल्मीकिरामायणे सुन्दरकाण्डम् 38.73
04.0065,पद्,पदँ,गतौ,4,S,किरन् शरशतैस्तीक्ष्णैरभिपेदे महाबलः,वाल्मीकिरामायणे सुन्दरकाण्डम् 46.23
04.0065,पद्,पदँ,गतौ,4,S,अभिपेदे महावेगः प्रसह्य प्रघसो हरिम्,वाल्मीकिरामायणे सुन्दरकाण्डम् 46.32
04.0065,पद्,पदँ,गतौ,4,S,प्रपेदे हरिशार्दूलो दक्षिणादुत्तराम्,वाल्मीकिरामायणे सुन्दरकाण्डम् 56.25
04.0065,पद्,पदँ,गतौ,4,S,तदा काक प्रतिपेदे स्वमालयम्,वाल्मीकिरामायणे सुन्दरकाण्डम् 67.18
04.0065,पद्,पदँ,गतौ,4,S,धर्मार्थकामेषु समां प्रपेदे।,रघुवंशम् 14.21
04.0065,पद्,पदँ,गतौ,4,S,प्रपेदे परमाणुताम्।,रघुवंशम् 15.22
04.0065,पद्,पदँ,गतौ,4,S,रेणुः प्रपेदे पथि पङ्कभावम्।,रघुवंशम् 16.30
04.0065,पद्,पदँ,गतौ,4,S,पित्र्यं प्रपेदे पदमश्विरूपः।,रघुवंशम् 18.23
04.0065,पद्,पदँ,गतौ,4,S,ततः परं तत्प्रभवः प्रपेदे।,रघुवंशम् 18.34
04.0065,पद्,पदँ,गतौ,4,S,विलसितपदमाद्यं यौवनं स प्रपेदे।,रघुवंशम् 18.52
04.0065,पद्,पदँ,गतौ,4,S,क्रतौ तस्मिन् स्वकार्यमभिपद्यताम्,वाल्मीकिरामायणे बालकाण्डम् 29.7
04.0065,पद्,पदँ,गतौ,4,S,यस्यैते प्रतिराजान उदपद्यन्त शत्रव:,वाल्मीकिरामायणे बालकाण्डम् 70.28
04.0065,पद्,पदँ,गतौ,4,S,प्रहृष्टाः समपद्यन्त हनूमन्तं दिदृक्षवः,वाल्मीकिरामायणे सुन्दरकाण्डम् 57.26
04.0065,पद्,पदँ,गतौ,4,S,स्वधर्मं प्रतिपद्यस्व कृत्वा वैवाह्यम्,वाल्मीकिरामायणे बालकाण्डम् 73.13
04.0065,पद्,पदँ,गतौ,4,S,राक्षसानामभावाय त्वं वा न प्रतिपद्यसे,वाल्मीकिरामायणे सुन्दरकाण्डम् 21.11
04.0065,पद्,पदँ,गतौ,4,S,अप्यधर्मस्य क्षिप्रमेव प्रपत्स्यसे,वाल्मीकिरामायणे सुन्दरकाण्डम् 51.29
04.0065,पद्,पदँ,गतौ,4,S,कथं प्रपत्स्ये त्वयि दीप्यमाने।,रघुवंशम् 14.64
04.0065,पद्,पदँ,गतौ,4,S,प्रतिपत्स्ये त्वदाज्ञया।,रघुवंशम् 15.73
05.0012,हि,हि,गतौ वृद्धौ च,5,S,प्रजिघाय पुरन्दरः।,रघुवंशम् 12.84
05.0012,हि,हि,गतौ वृद्धौ च,5,S,प्रजिघाय समाधिभेदिनीम्।,रघुवंशम् 8.79
05.0012,हि,हि,गतौ वृद्धौ च,5,S,प्रजिघाय कृतान्तस्य।,रघुवंशम् 15.21
05.0022,तिक्,तिकँ,आस्कन्दने गतौ च,5,S,,
05.0023,तिग्,तिगँ,आस्कन्दने गतौ च,5,S,,
06.0007,ऋष्,ऋषीँ,गतौ,6,S,,
06.0051,जुड्,जुडँ,गतौ बन्धने च,6,S,,
06.0052,जुन्,जुनँ,गतौ बन्धने च,6,S,,
06.0062,शुन्,शुनँ,गतौ,6,S,,
06.0140,रि,रि,गतौ,6,S,,
06.0141,पि,पि,गतौ,6,S,,
06.0157,लिश्,लिशँ,गतौ,6,S,,
06.0159,विच्छ्,विछँ,गतौ,6,S,,
08.0005,ऋण्,ऋणुँ,गतौ,8,S,,
09.0032,ॠ,ॠ,गतौ,9,S,,
09.0039,प्ली,प्ली,गतौ,9,S,,
10.0050,पिस्,पिसँ,गतौ,10,S,,
10.0060,पन्थ्,पथिँ,गतौ,10,S,,
10.0361,मी,मी,गतौ,10,S,,
10.0397,रंह्,रन्ह्,गतौ,10,S,,
10.0400,पत,पत,गतौ,10,S,,
10.0401,पष,पष,गतौ,10,S,,
10.0404,कल,कल,गतौ सङ्ख्याने च,10,S,कलयति धरित्रीं तृणसमाम्,नीतिशतकम् 36
10.0404,कल,कल,गतौ सङ्ख्याने च,10,S,कलयते प्राप्ते नवे यौवने,शृङ्गारशतकम् 30
10.0404,कल,कल,गतौ सङ्ख्याने च,10,S,स्पर्शमपि पावनमाकलयन्ति।,कादम्बरीसङ्ग्रहे पूर्वभागः 
10.0440,पद,पद,गतौ,10,S,,
